20,BEGIN,3
20,9,1,258,206,1,64,0,11,6,0,0,0,0,0,0,0,0,0,0,0,0,0,0,0,0,0,0,0,0,0,0,0,0
20,9,2,258,206,1,64,0,11,6,0,0,0,0,0,0,0,0,0,0,0,0,0,0,0,0,0,0,0,0,0,0,0,0
20,9,3,259,206,2,64,0,0,6,0,0,0,0,0,0,0,0,0,0,0,0,0,0,0,0,0,0,0,0,0,0,0,0
20,9,4,259,206,3,64,0,0,6,0,0,0,0,0,0,0,0,0,0,0,0,0,0,0,0,0,0,0,0,0,0,0,0
20,9,5,267,205,0,0,0,0,4,0,0,1,0,0,0,0,0,0,0,0,0,0,0,0,0,0,0,0,0,0,0,32,0
20,9,6,257,206,0,0,0,11,0,0,0,0,0,0,0,0,0,0,0,0,0,0,0,0,0,0,0,0,0,0,0,32,0
20,9,7,262,0,0,0,0,0,6,0,0,0,0,0,0,0,0,0,0,0,0,0,0,0,0,0,0,0,0,0,0,32,0
20,9,8,263,206,0,0,0,0,6,0,0,0,0,0,0,0,0,0,0,0,0,0,0,0,0,0,0,0,0,0,0,32,0
20,9,9,264,205,0,0,0,0,4,0,0,0,0,0,0,0,0,0,0,0,0,0,0,0,0,0,0,0,0,0,0,32,0
20,9,10,265,205,0,0,0,0,1,0,0,0,0,0,0,0,0,0,0,0,0,0,0,0,0,0,0,0,0,0,0,0,0
20,9,11,274,205,0,0,0,0,4,0,0,0,0,0,0,0,0,0,0,0,0,0,0,0,0,0,0,0,0,0,0,32,0
20,9,12,278,206,2,0,0,0,4,0,100,0,0,0,0,0,0,0,0,0,0,0,0,0,0,0,0,0,0,0,0,32,0
20,9,13,278,206,3,0,0,0,4,0,100,0,0,0,0,0,0,0,0,0,0,0,0,0,0,0,0,0,0,0,0,32,0
20,9,14,278,206,0,0,0,0,4,0,100,0,0,0,0,0,0,0,0,0,0,0,0,0,0,0,0,0,0,0,0,32,0
20,9,15,278,206,0,0,0,0,4,0,100,0,0,0,0,0,0,0,0,0,0,0,0,0,0,0,0,0,0,0,0,32,0
20,9,16,266,205,0,0,0,0,4,0,0,40,1,0,0,0,0,0,0,0,0,5,1,0,0,0,0,0,0,0,0,0,0
20,9,17,279,206,0,0,0,11,0,0,0,0,0,0,0,0,0,0,0,0,0,0,0,0,0,0,0,0,0,0,0,0,0
20,1,1,8,3,3,3,3,17,64,0,0,0,0,0,0,0,0,0,0,11,0,0,0,6,0,0,0,0,0,0,0,0,0
20,1,2,48,3,0,14,64,14,72,0,0,11,0,6,6,113,113,113,113,0,0,0,0,0,0,0,0,0,0,0,0,4,0
20,1,3,31,3,7,0,0,11,1,0,0,0,0,0,0,0,0,0,0,0,0,0,0,0,0,0,0,0,0,0,0,0,0
20,1,4,20,3,0,7,0,0,64,0,0,11,0,1,6,3,3,3,3,0,0,0,0,0,0,0,0,0,0,0,0,0,0
20,1,5,8,3,3,3,3,17,64,0,0,0,0,0,0,0,0,0,0,11,0,0,0,6,0,0,0,0,0,0,0,0,0
20,1,6,4,1,0,14,64,1,72,0,0,11,0,6,6,0,0,0,0,0,0,0,0,0,0,0,0,0,0,0,0,0,0
20,1,7,20,1,0,7,0,0,64,0,0,11,0,1,6,100,100,100,100,0,0,0,0,0,0,0,0,0,0,0,0,0,0
20,1,8,24,1,0,7,0,0,64,0,0,11,0,1,6,100,100,100,100,0,0,0,0,0,0,0,0,0,0,0,0,0,0
20,1,9,4,1,0,14,64,1,72,0,0,11,0,6,6,0,0,0,0,0,0,0,0,0,0,0,0,0,0,0,0,0,0
20,1,10,4,4,0,14,64,1,72,0,0,11,0,6,6,0,0,0,0,0,0,0,0,0,0,0,0,0,0,0,0,0,0
20,1,11,31,1,7,0,0,11,1,0,0,0,0,0,0,0,0,0,0,0,0,0,0,0,0,0,0,0,0,0,0,0,0
20,1,12,4,1,0,14,64,1,72,0,0,11,0,6,6,0,0,0,0,0,0,0,0,0,0,0,0,0,0,0,0,0,0
20,1,13,4,4,0,14,64,1,72,0,0,11,0,6,6,0,0,0,0,0,0,0,0,0,0,0,0,0,0,0,0,0,0
20,1,14,4,1,0,14,64,1,72,0,0,11,0,6,6,0,0,0,0,0,0,0,0,0,0,0,0,0,0,0,0,0,0
20,1,15,24,1,0,7,0,0,64,0,0,11,0,1,6,100,100,100,100,0,0,0,0,0,0,0,0,0,0,0,0,0,0
20,1,16,4,1,0,14,64,1,72,0,0,11,0,6,6,0,0,0,0,0,0,0,0,0,0,0,0,0,0,0,0,0,0
20,1,17,20,1,0,7,0,0,64,0,0,11,0,1,6,100,100,100,100,0,0,0,0,0,0,0,0,0,0,0,0,0,0
20,1,18,4,1,0,14,64,1,72,0,0,11,0,6,6,0,0,0,0,0,0,0,0,0,0,0,0,0,0,0,0,0,0
20,1,20,31,2,7,0,0,11,1,0,0,0,0,0,0,0,0,0,0,0,0,0,0,0,0,0,0,0,0,0,0,0,0
20,1,21,20,3,0,7,0,0,64,0,0,11,0,1,6,100,100,100,100,0,0,0,0,0,0,0,0,0,0,0,128,0,0
20,1,22,20,3,0,7,0,0,64,0,0,11,0,1,6,100,100,100,100,0,0,0,0,0,0,0,0,0,0,0,0,0,0
20,1,23,20,2,0,7,0,0,64,0,0,11,0,1,6,100,100,100,100,0,0,0,0,0,0,0,0,0,0,0,128,0,0
20,1,24,4,2,0,14,64,1,72,0,0,11,0,6,6,0,0,0,0,0,0,0,0,0,0,0,0,0,0,0,0,0,0
20,1,25,20,2,0,7,0,0,64,0,0,11,0,1,6,100,100,100,100,0,0,0,0,0,0,0,0,0,0,0,0,0,0
20,1,26,17,4,0,0,0,15,0,0,0,0,0,0,0,0,0,0,0,11,0,0,0,1,0,0,0,0,0,0,0,0,0
20,1,27,8,4,4,4,4,16,64,16,64,16,64,16,64,0,0,0,0,11,0,0,0,6,1,1,1,0,0,0,0,0,0
20,1,28,31,4,7,0,0,11,1,0,0,0,0,0,0,0,0,0,0,0,0,0,0,0,0,0,0,0,0,0,0,0,0
20,1,29,31,4,7,0,0,11,1,0,0,0,0,0,0,0,0,0,0,0,0,0,0,0,0,0,0,0,0,0,0,0,0
20,1,30,31,4,7,0,0,11,1,0,0,0,0,0,0,0,0,0,0,0,0,0,0,0,0,0,0,0,0,0,0,0,0
20,1,31,31,4,7,0,0,11,1,0,0,0,0,0,0,0,0,0,0,0,0,0,0,0,0,0,0,0,0,0,0,0,0
20,1,32,31,4,7,0,0,11,1,0,0,0,0,0,0,0,0,0,0,0,0,0,0,0,0,0,0,0,0,0,0,0,0
20,1,33,31,4,7,0,0,11,1,0,0,0,0,0,0,0,0,0,0,0,0,0,0,0,0,0,0,0,0,0,0,0,0
20,1,34,31,4,7,0,0,11,1,0,0,0,0,0,0,0,0,0,0,0,0,0,0,0,0,0,0,0,0,0,0,0,0
20,1,35,31,4,7,0,0,11,1,0,0,0,0,0,0,0,0,0,0,0,0,0,0,0,0,0,0,0,0,0,0,0,0
20,1,36,17,4,0,0,0,7,0,0,0,0,0,0,0,0,0,0,0,11,0,0,0,1,0,0,0,0,0,0,0,0,0
20,1,37,17,4,0,0,0,7,0,0,0,0,0,0,0,0,0,0,0,11,0,0,0,6,0,0,0,0,0,0,0,0,0
20,1,64,8,4,0,0,0,5,64,0,64,0,64,0,64,0,0,0,0,11,0,0,0,6,0,0,0,0,0,0,0,0,0
20,1,65,8,4,0,0,0,10,64,0,64,0,64,0,64,0,0,0,0,11,0,0,0,6,0,0,0,0,0,0,0,0,0
20,1,66,8,4,0,0,0,13,64,0,64,0,64,0,64,0,0,0,0,11,0,0,0,6,0,0,0,0,0,0,0,0,0
20,1,67,8,4,0,0,0,15,64,0,64,0,64,0,64,0,0,0,0,11,0,0,0,6,0,0,0,0,0,0,0,0,0
20,1,68,8,4,0,0,0,18,64,0,64,0,64,0,64,0,0,0,0,11,0,0,0,6,0,0,0,0,0,0,0,0,0
20,1,69,8,4,0,0,0,20,64,0,64,0,64,0,64,0,0,0,0,11,0,0,0,6,0,0,0,0,0,0,0,0,0
20,1,70,8,4,0,0,0,24,64,0,64,0,64,0,64,0,0,0,0,11,0,0,0,6,0,0,0,0,0,0,0,0,0
20,1,71,8,4,0,0,0,25,64,0,64,0,64,0,64,0,0,0,0,11,0,0,0,6,0,0,0,0,0,0,0,0,0
20,END,3
