120,BEGIN,2
120,25,1,2,
120,2,1,0
120,20,1,1,1,1,1,1,1,1,1,1,1,1,1,
120,20,2,1,1,1,1,1,1,1,1,1,1,1,1,
120,1,1,2
120,END,2,5223
80,BEGIN,2
80,0,4
80,1,1,1,99
80,2,10,0,0,5,0
80,3,Maintenenance is Due
80,4,Panel 2
80,6,0
80,8,3
80,9,0
80,10,0
80,11,0
80,12,3333,4444
80,14,1
80,15,120
80,16,1,Loop 1 
80,16,2,Loop 2 
80,16,3,Loop 3 
80,16,4,       
80,16,5,       
80,16,6,       
80,16,7,       
80,16,8, 0
80,16,9,System 
80,16,10,A-Bus  
80,16,11,A-Bus  
80,END,2,17132
17,BEGIN,2
17,1,Flat 1         ,0,1,2,
17,2,Flat  2        ,0,1,2,
17,3,Flat 3         ,0,1,2,
17,4,Flat  4        ,0,1,2,
17,5,Flat  5        ,0,1,2,
17,6,Flat  6        ,0,1,2,
17,7,Flat  7        ,0,1,2,
17,8,Flat  8        ,0,1,2,
17,9,Flat  9        ,0,1,2,
17,10,Flat  10       ,0,1,2,
17,11,Flat  11       ,0,1,2,
17,12,Flat  12       ,0,1,2,
17,13,Input Group 13 ,0,1,2,
17,14,Flat 14        ,0,1,2,
17,15,Flat  15       ,0,1,2,
17,16,Flat  16       ,0,1,2,
17,17,Flat  17       ,0,1,2,
17,18,Flat  18       ,0,1,2,
17,19,Flat  19       ,0,1,2,
17,20,Flat  20       ,0,1,2,
17,21,Flat  21       ,0,1,2,
17,22,Flat  22       ,0,1,2,
17,23,Flat  23       ,0,1,2,
17,24,Flat  24       ,0,1,2,
17,25,Flat  25       ,0,1,2,
17,26,Flat  26       ,0,1,2,
17,27,Flat  27       ,0,1,2,
17,28,Flat  28       ,0,1,2,
17,29,Flat  29       ,0,1,2,
17,30,Flat  30       ,0,1,2,
17,31,Flat  31       ,0,1,2,
17,32,Flat  32       ,0,1,2,
17,33,Flat  33       ,0,1,2,
17,34,Flat  34       ,0,1,2,
17,35,Flat  35       ,0,1,2,
17,36,Flat  36       ,0,1,2,
17,37,Flat  37       ,0,1,2,
17,38,Flat  38       ,0,1,2,
17,39,Flat  39       ,0,1,2,
17,40,Flat  40       ,0,1,2,
17,41,Flat 41        ,0,1,2,
17,42,BMS Isolate    ,0,1,2,
17,43,Door Release   ,0,1,2,
17,50,IG Zone 1      ,0,1,2,
17,51,IG Zone 2      ,0,1,2,
17,53,IG Zone 3      ,0,1,2,
17,54,IG Zone 4      ,0,1,2,
17,55,IG Zone 5      ,0,1,2,
17,56,IG Zone 6      ,0,1,2,
17,57,IG Zone 7      ,0,1,2,
17,58,IG Zone 8      ,0,1,2,
17,59,IG Zone 9      ,0,1,2,
17,60,IG Zone 10     ,0,1,2,
17,61,IG Zone 11     ,0,1,2,
17,62,IG Zone 12     ,0,1,2,
17,63,IG Zone 13     ,0,1,2,
17,64,IG Zone 14     ,0,1,2,
17,65,IG Zone 15     ,0,1,2,
17,66,IG Zone 16     ,0,1,2,
17,67,IG Zone 17     ,0,1,2,
17,68,IG Zone 18     ,0,1,2,
17,69,IG Zone 19     ,0,1,2,
17,END,2,26125
18,BEGIN,2
18,1,Flat 1 OP      ,0,1,2,
18,2,Flat 2 OP      ,0,1,2,
18,3,Flat 3 OP      ,0,1,2,
18,4,Flat 4 OP      ,0,1,2,
18,5,Flat 5 OP      ,0,1,2,
18,6,Flat 6 OP      ,0,1,2,
18,7,Flat 7 OP      ,0,1,2,
18,8,Flat 8 OP      ,0,1,2,
18,9,Flat 9 OP      ,0,1,2,
18,10,Flat 10 OP     ,0,1,2,
18,11,Flat 11 OP     ,0,1,2,
18,12,Flat 12 OP     ,0,1,2,
18,13,Output Group 13,0,1,2,
18,14,Flat 14 OP     ,0,1,2,
18,15,Flat 15 OP     ,0,1,2,
18,16,Flat 16 OP     ,0,1,2,
18,17,Flat 17 OP     ,0,1,2,
18,18,Flat 18 OP     ,0,1,2,
18,19,Flat 19 OP     ,0,1,2,
18,20,Flat 20 OP     ,0,1,2,
18,21,Flat 21 OP     ,0,1,2,
18,22,Flat 22 OP     ,0,1,2,
18,23,Flat 23 OP     ,0,1,2,
18,24,Flat 24 OP     ,0,1,2,
18,25,Flat 25 OP     ,0,1,2,
18,26,Flat 26 OP     ,0,1,2,
18,27,Flat 27 OP     ,0,1,2,
18,28,Flat 28 OP     ,0,1,2,
18,29,Flat 29 OP     ,0,1,2,
18,30,Flat 30 OP     ,0,1,2,
18,31,Flat 31 OP     ,0,1,2,
18,32,Flat 32 OP     ,0,1,2,
18,33,Flat 33 OP     ,0,1,2,
18,34,Flat 34 OP     ,0,1,2,
18,35,Flat 35 OP     ,0,1,2,
18,36,Flat 36 OP     ,0,1,2,
18,37,Flat 37 OP     ,0,1,2,
18,38,Flat 38 OP     ,0,1,2,
18,39,Flat 39 OP     ,0,1,2,
18,40,Flat 40 OP     ,0,1,2,
18,41,Flat 41 OP     ,0,1,2,
18,42,Flat 1 Sounder ,0,1,2,
18,43,Flat 2 Sounder ,0,1,2,
18,44,Flat 3 Sounder ,0,1,2,
18,45,Flat 4 Sounder ,0,1,2,
18,46,Flat 5 Sounder ,0,1,2,
18,47,Flat 6 Sounder ,0,1,2,
18,48,Flat 7 Sounder ,0,1,2,
18,49,Flat 8 Sounder ,0,1,2,
18,50,Flat 9 Sounder ,0,1,2,
18,51,Flat 10 Sounder,0,1,2,
18,52,Flat 11 Sounder,0,1,2,
18,53,Flat 12 Sounder,0,1,2,
18,54,Flat 13 Sounder,0,1,2,
18,55,Flat 14 Sounder,0,1,2,
18,56,Flat 15 Sounder,0,1,2,
18,57,Flat 16 Sounder,0,1,2,
18,58,Flat 17 Sounder,0,1,2,
18,59,Flat 18 Sounder,0,1,2,
18,60,Flat 19 Sounder,0,1,2,
18,61,Flat 20 Sounder,0,1,2,
18,62,Flat 21 Sounder,0,1,2,
18,63,Flat 22 Sounder,0,1,2,
18,64,Flat 23 Sounder,0,1,2,
18,65,Flat 24 Sounder,0,1,2,
18,66,Flat 25 Sounder,0,1,2,
18,67,Flat 26 Sounder,0,1,2,
18,68,Flat 27 Sounder,0,1,2,
18,69,Flat 28 Sounder,0,1,2,
18,70,Flat 29 Sounder,0,1,2,
18,71,Flat 30 Sounder,0,1,2,
18,72,Flat 31 Sounder,0,1,2,
18,73,Flat 32 Sounder,0,1,2,
18,74,Flat 33 Sounder,0,1,2,
18,75,Flat 34 Sounder,0,1,2,
18,76,Flat 35 Sounder,0,1,2,
18,77,Flat 36 Sounder,0,1,2,
18,78,Flat 37 Sounder,0,1,2,
18,79,Flat 38 Sounder,0,1,2,
18,80,Flat 39 Sounder,0,1,2,
18,81,Flat 40 Sounder,0,1,2,
18,82,Flat 41 Sounder,0,1,2,
18,83,External Sounder,0,1,2,
18,84,GLOBAL FIRE 2.5 ,0,1,2,
18,85,GF Door Release,0,1,2,
18,86,Lift shutdown  ,0,1,2,
18,87,FF Door Release,0,1,2,
18,88,Zone 4 Outputs ,0,1,2,
18,89,Zone 5 Outputs ,0,1,2,
18,90,Area 6 AOV     ,0,1,2,
18,91,Zone 7 Outputs ,0,1,2,
18,92,Zone 8 Outputs ,0,1,2,
18,93,Area 9 AOV     ,0,1,2,
18,94,Area 10 AOV    ,0,1,2,
18,95,Kitchen Outputs,0,1,2,
18,96,Area 12 AOV    ,0,1,2,
18,97,Zone 13 Outputs,0,1,2,
18,98,Area 14 AOV    ,0,1,2,
18,99,Zone 15 Outputs,0,1,2,
18,100,OG Zone 1 Sndr ,0,1,2,
18,101,OG Zone 2 Sndr ,0,1,2,
18,102,OG Zone 3 Sndr ,0,1,2,
18,103,OG Zone 4 Sndr ,0,1,2,
18,104,OG Zone 5 Sndr ,0,1,2,
18,105,OG Zone 6 Sndr ,0,1,2,
18,106,OG Zone 7 Sndr ,0,1,2,
18,107,OG Zone 8 Sndr ,0,1,2,
18,108,OG Zone 9 Sndr ,0,1,2,
18,109,OG Zone 10 Sndr,0,1,2,
18,110,OG Zone 11 Sndr,0,1,2,
18,111,OG Zone 12 Sndr,0,1,2,
18,112,OG Zone 13 Sndr,0,1,2,
18,113,OG Zone 14 Sndr,0,1,2,
18,114,OG Zone 15 Sndr,0,1,2,
18,115,OG Zone 16 Sndr,0,1,2,
18,116,OG Zone 17 Sndr,0,1,2,
18,117,OG Zone 18 Sndr,0,1,2,
18,118,OG Zone 19 Sndr,0,1,2,
18,119,Zone 16 Outputs,0,1,2,
18,120,Zone 17 Outputs,0,1,2,
18,121,Zone 18 Outputs,0,1,2,
18,122,Zone 19 Outputs,0,1,2,
18,123,SF Door Release,0,1,2,
18,124,GF Door Access ,0,1,2,
18,125,BMS Panel      ,0,1,2,
18,126,Laundry Gas    ,0,1,2,
18,131,Automatic Entran,0,1,2,
18,132,Tunstall Common ,0,1,2,
18,133,FF Door Access ,0,1,2,
18,134,SF Door Access ,0,1,2,
18,END,2,37067
19,BEGIN,2
19,641,All Sounders   ,0,1,2,
19,642,All AOVs       ,0,1,2,
19,643,All Door Release,0,1,2,
19,644,GF Area 2 Sndrs,0,1,2,
19,645,GF Area 3 Sndrs,0,1,2,
19,646,GF Area 6 Sndrs,0,1,2,
19,647,FF Area 8 Sndrs,0,1,2,
19,648,FF Area 9 Sndrs,0,1,2,
19,649,FF Area 10 Sndr,0,1,2,
19,650,SF Area 12 Sndr,0,1,2,
19,651,SF Area 13 Sndr,0,1,2,
19,652,SF Area 14 Sndr,0,1,2,
19,653,All Door Access,0,1,2,
19,654,Common Sndrs   ,0,1,2,
19,END,2,27170
81,BEGIN,2
81,0,Normal         ,0,1,2,
81,END,2,2110
90,BEGIN,2
90,END,2,612
100,BEGIN,2
100,1,GROUND FLOOR,0,1,1,0,0,0,0,0,0,0,0,0,0,0,0,0,0,0,0,0,0,0,0,0,0,0,0,0,0,0,0,0,0,0,0,0,0,0,0,0,0,0,0,0,0,0,0,0,0,0,0,0,0,0,0,0,0,0,0,0,0,0,0,0
100,2,GROUND FLOOR,0,1,1,0,0,0,0,0,0,0,0,0,0,0,0,0,0,0,0,0,0,0,0,0,0,0,0,0,0,0,0,0,0,0,0,0,0,0,0,0,0,0,0,0,0,0,0,0,0,0,0,0,0,0,0,0,0,0,0,0,0,0,0,0
100,3,GROUND FLOOR,0,1,1,0,0,0,0,0,0,0,0,0,0,0,0,0,0,0,0,0,0,0,0,0,0,0,0,0,0,0,0,0,0,0,0,0,0,0,0,0,0,0,0,0,0,0,0,0,0,0,0,0,0,0,0,0,0,0,0,0,0,0,0,0
100,4,STAIR 3 NORTH,0,1,1,0,0,0,0,0,0,0,0,0,0,0,0,0,0,0,0,0,0,0,0,0,0,0,0,0,0,0,0,0,0,0,0,0,0,0,0,0,0,0,0,0,0,0,0,0,0,0,0,0,0,0,0,0,0,0,0,0,0,0,0,0
100,5,STAIR 1 CENTRE,0,1,1,0,0,0,0,0,0,0,0,0,0,0,0,0,0,0,0,0,0,0,0,0,0,0,0,0,0,0,0,0,0,0,0,0,0,0,0,0,0,0,0,0,0,0,0,0,0,0,0,0,0,0,0,0,0,0,0,0,0,0,0,0
100,6,GROUND FLOOR,0,1,1,0,0,0,0,0,0,0,0,0,0,0,0,0,0,0,0,0,0,0,0,0,0,0,0,0,0,0,0,0,0,0,0,0,0,0,0,0,0,0,0,0,0,0,0,0,0,0,0,0,0,0,0,0,0,0,0,0,0,0,0,0
100,7,STAIR 2 WEST,0,1,1,0,0,0,0,0,0,0,0,0,0,0,0,0,0,0,0,0,0,0,0,0,0,0,0,0,0,0,0,0,0,0,0,0,0,0,0,0,0,0,0,0,0,0,0,0,0,0,0,0,0,0,0,0,0,0,0,0,0,0,0,0
100,8,1ST FLOOR,0,1,1,0,0,0,0,0,0,0,0,0,0,0,0,0,0,0,0,0,0,0,0,0,0,0,0,0,0,0,0,0,0,0,0,0,0,0,0,0,0,0,0,0,0,0,0,0,0,0,0,0,0,0,0,0,0,0,0,0,0,0,0,0
100,9,1ST FLOOR,0,1,1,0,0,0,0,0,0,0,0,0,0,0,0,0,0,0,0,0,0,0,0,0,0,0,0,0,0,0,0,0,0,0,0,0,0,0,0,0,0,0,0,0,0,0,0,0,0,0,0,0,0,0,0,0,0,0,0,0,0,0,0,0
100,10,1ST FLOOR,0,1,1,0,0,0,0,0,0,0,0,0,0,0,0,0,0,0,0,0,0,0,0,0,0,0,0,0,0,0,0,0,0,0,0,0,0,0,0,0,0,0,0,0,0,0,0,0,0,0,0,0,0,0,0,0,0,0,0,0,0,0,0,0
100,11,GROUND FLOOR,0,1,1,0,0,0,0,0,0,0,0,0,0,0,0,0,0,0,0,0,0,0,0,0,0,0,0,0,0,0,0,0,0,0,0,0,0,0,0,0,0,0,0,0,0,0,0,0,0,0,0,0,0,0,0,0,0,0,0,0,0,0,0,0
100,12,2ND FLOOR,0,1,1,0,0,0,0,0,0,0,0,0,0,0,0,0,0,0,0,0,0,0,0,0,0,0,0,0,0,0,0,0,0,0,0,0,0,0,0,0,0,0,0,0,0,0,0,0,0,0,0,0,0,0,0,0,0,0,0,0,0,0,0,0
100,13,2ND FLOOR,0,1,1,0,0,0,0,0,0,0,0,0,0,0,0,0,0,0,0,0,0,0,0,0,0,0,0,0,0,0,0,0,0,0,0,0,0,0,0,0,0,0,0,0,0,0,0,0,0,0,0,0,0,0,0,0,0,0,0,0,0,0,0,0
100,14,2ND FLOOR,0,1,1,0,0,0,0,0,0,0,0,0,0,0,0,0,0,0,0,0,0,0,0,0,0,0,0,0,0,0,0,0,0,0,0,0,0,0,0,0,0,0,0,0,0,0,0,0,0,0,0,0,0,0,0,0,0,0,0,0,0,0,0,0
100,15,1ST FLOOR,0,1,1,0,0,0,0,0,0,0,0,0,0,0,0,0,0,0,0,0,0,0,0,0,0,0,0,0,0,0,0,0,0,0,0,0,0,0,0,0,0,0,0,0,0,0,0,0,0,0,0,0,0,0,0,0,0,0,0,0,0,0,0,0
100,16,2ND FLOOR,0,1,1,0,0,0,0,0,0,0,0,0,0,0,0,0,0,0,0,0,0,0,0,0,0,0,0,0,0,0,0,0,0,0,0,0,0,0,0,0,0,0,0,0,0,0,0,0,0,0,0,0,0,0,0,0,0,0,0,0,0,0,0,0
100,17,LIFT SHAFT,0,1,1,0,0,0,0,0,0,0,0,0,0,0,0,0,0,0,0,0,0,0,0,0,0,0,0,0,0,0,0,0,0,0,0,0,0,0,0,0,0,0,0,0,0,0,0,0,0,0,0,0,0,0,0,0,0,0,0,0,0,0,0,0
100,18,ROOF SPACE NORTH,0,1,1,0,0,0,0,0,0,0,0,0,0,0,0,0,0,0,0,0,0,0,0,0,0,0,0,0,0,0,0,0,0,0,0,0,0,0,0,0,0,0,0,0,0,0,0,0,0,0,0,0,0,0,0,0,0,0,0,0,0,0,0,0
100,19,ROOF SPACE WEST,0,1,1,0,0,0,0,0,0,0,0,0,0,0,0,0,0,0,0,0,0,0,0,0,0,0,0,0,0,0,0,0,0,0,0,0,0,0,0,0,0,0,0,0,0,0,0,0,0,0,0,0,0,0,0,0,0,0,0,0,0,0,0,0
100,20,Zone 20,0,1,1,0,0,0,0,0,0,0,0,0,0,0,0,0,0,0,0,0,0,0,0,0,0,0,0,0,0,0,0,0,0,0,0,0,0,0,0,0,0,0,0,0,0,0,0,0,0,0,0,0,0,0,0,0,0,0,0,0,0,0,0,0
100,21,Zone 21,0,1,1,0,0,0,0,0,0,0,0,0,0,0,0,0,0,0,0,0,0,0,0,0,0,0,0,0,0,0,0,0,0,0,0,0,0,0,0,0,0,0,0,0,0,0,0,0,0,0,0,0,0,0,0,0,0,0,0,0,0,0,0,0
100,22,Zone 22,0,1,1,0,0,0,0,0,0,0,0,0,0,0,0,0,0,0,0,0,0,0,0,0,0,0,0,0,0,0,0,0,0,0,0,0,0,0,0,0,0,0,0,0,0,0,0,0,0,0,0,0,0,0,0,0,0,0,0,0,0,0,0,0
100,23,Zone 23,0,1,1,0,0,0,0,0,0,0,0,0,0,0,0,0,0,0,0,0,0,0,0,0,0,0,0,0,0,0,0,0,0,0,0,0,0,0,0,0,0,0,0,0,0,0,0,0,0,0,0,0,0,0,0,0,0,0,0,0,0,0,0,0
100,24,Zone 24,0,1,1,0,0,0,0,0,0,0,0,0,0,0,0,0,0,0,0,0,0,0,0,0,0,0,0,0,0,0,0,0,0,0,0,0,0,0,0,0,0,0,0,0,0,0,0,0,0,0,0,0,0,0,0,0,0,0,0,0,0,0,0,0
100,25,Zone 25,0,1,1,0,0,0,0,0,0,0,0,0,0,0,0,0,0,0,0,0,0,0,0,0,0,0,0,0,0,0,0,0,0,0,0,0,0,0,0,0,0,0,0,0,0,0,0,0,0,0,0,0,0,0,0,0,0,0,0,0,0,0,0,0
100,26,Zone 26,0,1,1,0,0,0,0,0,0,0,0,0,0,0,0,0,0,0,0,0,0,0,0,0,0,0,0,0,0,0,0,0,0,0,0,0,0,0,0,0,0,0,0,0,0,0,0,0,0,0,0,0,0,0,0,0,0,0,0,0,0,0,0,0
100,27,Zone 27,0,1,1,0,0,0,0,0,0,0,0,0,0,0,0,0,0,0,0,0,0,0,0,0,0,0,0,0,0,0,0,0,0,0,0,0,0,0,0,0,0,0,0,0,0,0,0,0,0,0,0,0,0,0,0,0,0,0,0,0,0,0,0,0
100,28,Zone 28,0,1,1,0,0,0,0,0,0,0,0,0,0,0,0,0,0,0,0,0,0,0,0,0,0,0,0,0,0,0,0,0,0,0,0,0,0,0,0,0,0,0,0,0,0,0,0,0,0,0,0,0,0,0,0,0,0,0,0,0,0,0,0,0
100,29,Zone 29,0,1,1,0,0,0,0,0,0,0,0,0,0,0,0,0,0,0,0,0,0,0,0,0,0,0,0,0,0,0,0,0,0,0,0,0,0,0,0,0,0,0,0,0,0,0,0,0,0,0,0,0,0,0,0,0,0,0,0,0,0,0,0,0
100,30,Zone 30,0,1,1,0,0,0,0,0,0,0,0,0,0,0,0,0,0,0,0,0,0,0,0,0,0,0,0,0,0,0,0,0,0,0,0,0,0,0,0,0,0,0,0,0,0,0,0,0,0,0,0,0,0,0,0,0,0,0,0,0,0,0,0,0
100,31,Zone 31,0,1,1,0,0,0,0,0,0,0,0,0,0,0,0,0,0,0,0,0,0,0,0,0,0,0,0,0,0,0,0,0,0,0,0,0,0,0,0,0,0,0,0,0,0,0,0,0,0,0,0,0,0,0,0,0,0,0,0,0,0,0,0,0
100,32,Zone 32,0,1,1,0,0,0,0,0,0,0,0,0,0,0,0,0,0,0,0,0,0,0,0,0,0,0,0,0,0,0,0,0,0,0,0,0,0,0,0,0,0,0,0,0,0,0,0,0,0,0,0,0,0,0,0,0,0,0,0,0,0,0,0,0
100,33,Zone 33,0,1,1,0,0,0,0,0,0,0,0,0,0,0,0,0,0,0,0,0,0,0,0,0,0,0,0,0,0,0,0,0,0,0,0,0,0,0,0,0,0,0,0,0,0,0,0,0,0,0,0,0,0,0,0,0,0,0,0,0,0,0,0,0
100,34,Zone 34,0,1,1,0,0,0,0,0,0,0,0,0,0,0,0,0,0,0,0,0,0,0,0,0,0,0,0,0,0,0,0,0,0,0,0,0,0,0,0,0,0,0,0,0,0,0,0,0,0,0,0,0,0,0,0,0,0,0,0,0,0,0,0,0
100,35,Zone 35,0,1,1,0,0,0,0,0,0,0,0,0,0,0,0,0,0,0,0,0,0,0,0,0,0,0,0,0,0,0,0,0,0,0,0,0,0,0,0,0,0,0,0,0,0,0,0,0,0,0,0,0,0,0,0,0,0,0,0,0,0,0,0,0
100,36,Zone 36,0,1,1,0,0,0,0,0,0,0,0,0,0,0,0,0,0,0,0,0,0,0,0,0,0,0,0,0,0,0,0,0,0,0,0,0,0,0,0,0,0,0,0,0,0,0,0,0,0,0,0,0,0,0,0,0,0,0,0,0,0,0,0,0
100,37,Zone 37,0,1,1,0,0,0,0,0,0,0,0,0,0,0,0,0,0,0,0,0,0,0,0,0,0,0,0,0,0,0,0,0,0,0,0,0,0,0,0,0,0,0,0,0,0,0,0,0,0,0,0,0,0,0,0,0,0,0,0,0,0,0,0,0
100,38,Zone 38,0,1,1,0,0,0,0,0,0,0,0,0,0,0,0,0,0,0,0,0,0,0,0,0,0,0,0,0,0,0,0,0,0,0,0,0,0,0,0,0,0,0,0,0,0,0,0,0,0,0,0,0,0,0,0,0,0,0,0,0,0,0,0,0
100,39,Zone 39,0,1,1,0,0,0,0,0,0,0,0,0,0,0,0,0,0,0,0,0,0,0,0,0,0,0,0,0,0,0,0,0,0,0,0,0,0,0,0,0,0,0,0,0,0,0,0,0,0,0,0,0,0,0,0,0,0,0,0,0,0,0,0,0
100,40,Zone 40,0,1,1,0,0,0,0,0,0,0,0,0,0,0,0,0,0,0,0,0,0,0,0,0,0,0,0,0,0,0,0,0,0,0,0,0,0,0,0,0,0,0,0,0,0,0,0,0,0,0,0,0,0,0,0,0,0,0,0,0,0,0,0,0
100,41,GROUND FLOOR,0,1,1,0,0,0,0,0,0,0,0,0,0,0,0,0,0,0,0,0,0,0,0,0,0,0,0,0,0,0,0,0,0,0,0,0,0,0,0,0,0,0,0,0,0,0,0,0,0,0,0,0,0,0,0,0,0,0,0,0,0,0,0,0
100,END,2,26619
151,BEGIN,2
151,641,All Flats      ,0,1,2,
151,642,GF Area 2      ,0,1,2,
151,643,GF Area 3      ,0,1,2,
151,644,GF Area 6      ,0,1,2,
151,645,FF Area 8      ,0,1,2,
151,646,FF Area 9      ,0,1,2,
151,647,FF Area 10     ,0,1,2,
151,648,SF Area 12     ,0,1,2,
151,649,SF Area 13     ,0,1,2,
151,650,SF Area 14     ,0,1,2,
151,651,Common Areas   ,0,1,2,
151,652,Anywhere!      ,0,1,2,
151,END,2,20530
152,BEGIN,2
152,0,RESET          ,0,1,2,
152,1,ON             ,0,1,2,
152,2,Simple Pulse   ,0,1,2,
152,4,E1 150 secs    ,0,1,2,
152,5,E2 300 secs    ,0,1,2,
152,6,Disable Outputs,0,1,2,
152,7,Enable Outputs ,0,1,2,
152,END,2,12412
153,BEGIN,2
153,0,Default        ,0,1,2,
153,END,2,2268
20,BEGIN,2
20,9,1,258,206,0,64,0,0,6,0,0,0,0,0,0,0,0,0,0,0,0,0,0,0,0,0,0,0,0,0,0,0,0
20,9,2,258,206,0,64,0,0,6,1,0,0,0,0,0,0,0,0,0,0,0,0,0,0,0,0,0,0,0,0,0,0,0
20,9,3,258,206,0,64,0,0,6,2,0,0,0,0,0,0,0,0,0,0,0,0,0,0,0,0,0,0,0,0,0,0,0
20,9,4,258,206,0,64,0,0,6,3,0,0,0,0,0,0,0,0,0,0,0,0,0,0,0,0,0,0,0,0,0,0,0
20,9,5,259,206,0,64,0,0,0,0,0,0,0,0,0,0,0,0,0,0,0,0,0,0,0,0,0,0,0,0,0,0,0
20,9,6,259,206,0,64,0,0,6,1,0,0,0,0,0,0,0,0,0,0,0,0,0,0,0,0,0,0,0,0,0,0,0
20,9,7,263,206,0,0,0,0,6,0,0,0,0,0,0,0,0,0,0,0,0,0,0,0,0,0,0,0,0,0,0,32,0
20,9,8,257,206,0,0,0,0,4,0,0,0,0,0,0,0,0,0,0,0,0,0,0,0,0,0,0,0,0,0,0,32,0
20,9,9,278,206,0,0,0,0,4,0,100,0,0,0,0,0,0,0,0,0,0,0,0,0,0,0,0,0,0,0,0,0,0
20,9,10,278,206,0,0,0,0,4,1,100,0,0,0,0,0,0,0,0,0,0,0,0,0,0,0,0,0,0,0,0,0,0
20,9,11,278,206,0,0,0,0,4,2,100,0,0,0,0,0,0,0,0,0,0,0,0,0,0,0,0,0,0,0,0,0,0
20,9,12,278,206,0,0,0,0,4,3,100,0,0,0,0,0,0,0,0,0,0,0,0,0,0,0,0,0,0,0,0,0,0
20,9,13,267,205,0,0,0,0,4,0,0,1,0,0,0,0,0,0,0,0,0,0,0,0,0,0,0,0,0,0,0,0,57
20,9,14,262,0,0,0,0,0,6,0,0,0,0,0,0,0,0,0,0,0,0,0,0,0,0,0,0,0,0,0,0,32,0
20,9,15,264,205,0,0,0,0,4,0,0,0,0,0,0,0,0,0,0,0,0,0,0,0,0,0,0,0,0,0,0,32,0
20,9,16,265,205,0,0,0,0,0,0,0,0,0,0,0,0,0,0,0,0,0,0,0,0,0,0,0,0,0,0,0,32,0
20,9,17,274,205,0,0,0,0,4,0,0,0,0,0,0,0,0,0,0,0,0,0,0,0,0,0,0,0,0,0,0,32,0
20,9,18,266,205,0,0,0,0,4,4,3,40,1,0,0,0,0,0,0,0,0,0,0,0,0,0,0,0,0,0,0,0,0
20,9,19,268,205,0,0,0,0,0,0,0,0,0,0,0,0,0,0,0,0,0,0,0,0,0,0,0,0,0,0,0,0,0
20,1,1,20,2,0,51,0,0,0,0,0,0,0,1,0,100,100,100,100,0,0,0,0,0,0,0,0,0,0,0,0,1,32
20,1,2,48,2,1,101,64,101,72,0,0,0,0,6,6,113,113,65,65,0,0,0,0,0,0,0,0,0,0,0,0,4,0
20,1,3,20,3,0,53,0,0,0,0,0,0,0,1,0,100,100,100,100,0,0,0,0,0,0,0,0,0,0,0,0,1,0
20,1,4,48,3,1,102,64,0,72,0,0,0,0,6,0,113,113,113,113,0,0,0,0,0,0,0,0,0,0,0,0,0,0
20,1,5,20,3,0,5,0,0,0,0,0,0,0,1,0,100,100,100,100,0,0,0,0,0,0,0,0,0,0,0,0,1,32
20,1,6,20,3,0,5,0,0,0,0,0,0,0,1,0,100,100,100,100,0,0,0,0,0,0,0,0,0,0,0,0,1,0
20,1,7,23,3,0,5,0,0,64,0,0,0,0,1,0,100,100,100,100,0,0,0,0,0,0,0,0,0,0,0,0,1,32
20,1,8,48,3,1,46,64,0,72,0,0,0,0,6,0,113,113,65,65,0,0,0,0,0,0,0,0,0,0,0,0,4,0
20,1,9,20,3,0,5,0,0,0,0,0,0,0,1,0,100,100,100,100,0,0,0,0,0,0,0,0,0,0,0,0,1,32
20,1,10,48,3,1,46,64,0,72,0,0,0,0,6,0,113,113,65,65,0,0,0,0,0,0,0,0,0,0,0,0,4,0
20,1,11,20,3,0,5,0,0,0,0,0,0,0,1,0,100,100,100,100,0,0,0,0,0,0,0,0,0,0,0,0,1,32
20,1,12,48,3,1,46,64,0,72,0,0,0,0,6,0,113,113,65,65,0,0,0,0,0,0,0,0,0,0,0,0,4,0
20,1,13,20,3,0,5,0,0,0,0,0,0,0,1,0,100,100,100,100,0,0,0,0,0,0,0,0,0,0,0,0,1,32
20,1,14,48,3,1,46,64,0,72,0,0,0,0,6,0,113,113,65,65,0,0,0,0,0,0,0,0,0,0,0,0,4,9
20,1,15,8,3,1,1,1,5,64,0,64,0,0,0,0,0,0,0,0,0,0,0,0,6,0,0,0,0,0,0,0,1,32
20,1,16,31,4,54,0,0,0,1,0,0,0,0,0,0,0,0,0,0,0,0,0,0,0,0,0,0,0,0,0,0,1,32
20,1,17,20,4,0,54,0,1,0,0,0,0,0,1,0,100,100,100,100,0,0,0,0,0,0,0,0,0,0,0,0,1,0
20,1,18,48,4,1,103,64,0,72,0,0,0,0,6,0,113,113,113,113,0,0,0,0,0,0,0,0,0,0,0,0,0,0
20,1,19,20,3,0,53,0,0,0,0,0,0,0,1,0,100,100,100,100,0,0,0,0,0,0,0,0,0,0,0,0,1,32
20,1,20,8,3,1,1,1,3,64,0,64,0,0,0,0,0,0,0,0,0,0,0,0,6,0,0,0,0,0,0,0,0,9
20,1,21,20,3,0,3,0,0,0,0,0,0,0,1,0,100,100,100,100,0,0,0,0,0,0,0,0,0,0,0,0,1,32
20,1,22,48,3,1,44,64,0,72,0,0,0,0,6,0,113,113,65,65,0,0,0,0,0,0,0,0,0,0,0,0,4,0
20,1,23,20,3,0,3,0,0,0,0,0,0,0,1,0,100,100,100,100,0,0,0,0,0,0,0,0,0,0,0,0,1,32
20,1,24,48,3,1,44,64,0,72,0,0,0,0,6,0,113,113,65,65,0,0,0,0,0,0,0,0,0,0,0,0,4,0
20,1,25,20,3,0,3,0,0,0,0,0,0,0,1,0,100,100,100,100,0,0,0,0,0,0,0,0,0,0,0,0,1,32
20,1,26,48,3,1,44,64,0,72,0,0,0,0,6,0,113,113,65,65,0,0,0,0,0,0,0,0,0,0,0,0,4,0
20,1,27,23,3,0,3,0,0,64,0,0,0,0,1,0,100,100,100,100,0,0,0,0,0,0,0,0,0,0,0,0,1,32
20,1,28,48,3,1,44,64,0,72,0,0,0,0,6,0,113,113,65,65,0,0,0,0,0,0,0,0,0,0,0,0,4,0
20,1,29,20,3,0,3,0,0,0,0,0,0,0,1,0,100,100,100,100,0,0,0,0,0,0,0,0,0,0,0,0,1,32
20,1,30,20,3,0,3,0,0,0,0,0,0,0,1,0,100,100,100,100,0,0,0,0,0,0,0,0,0,0,0,0,1,32
20,1,31,20,3,0,53,0,1,0,0,0,0,0,1,0,100,100,100,100,0,0,0,0,0,0,0,0,0,0,0,0,0,0
20,1,32,48,3,1,102,64,0,72,0,0,0,0,6,0,113,113,113,113,0,0,0,0,0,0,0,0,0,0,0,0,0,0
20,1,33,31,3,53,0,0,0,1,0,0,0,0,0,0,0,0,0,0,0,0,0,0,0,0,0,0,0,0,0,0,1,32
20,1,34,20,3,0,4,0,0,0,0,0,0,0,1,0,100,100,100,100,0,0,0,0,0,0,0,0,0,0,0,0,1,32
20,1,35,20,3,0,4,0,0,0,0,0,0,0,1,0,100,100,100,100,0,0,0,0,0,0,0,0,0,0,0,0,1,32
20,1,36,48,3,1,45,64,0,72,0,0,0,0,6,0,113,113,65,65,0,0,0,0,0,0,0,0,0,0,0,0,4,0
20,1,37,20,3,0,4,0,0,0,0,0,0,0,1,0,100,100,100,100,0,0,0,0,0,0,0,0,0,0,0,0,1,32
20,1,38,48,3,1,45,64,0,72,0,0,0,0,6,0,113,113,65,65,0,0,0,0,0,0,0,0,0,0,0,0,4,0
20,1,39,23,3,0,4,0,0,64,0,0,0,0,1,0,100,100,100,100,0,0,0,0,0,0,0,0,0,0,0,0,1,32
20,1,40,48,3,1,45,64,0,72,0,0,0,0,6,0,113,113,65,65,0,0,0,0,0,0,0,0,0,0,0,0,4,0
20,1,41,20,3,0,4,0,0,0,0,0,0,0,1,0,100,100,100,100,0,0,0,0,0,0,0,0,0,0,0,0,1,32
20,1,42,20,3,0,4,0,0,0,0,0,0,0,1,0,100,100,100,100,0,0,0,0,0,0,0,0,0,0,0,0,1,32
20,1,43,48,3,1,45,64,0,72,0,0,0,0,6,0,113,113,65,65,0,0,0,0,0,0,0,0,0,0,0,0,4,0
20,1,44,8,3,1,1,1,4,64,0,64,0,0,0,0,0,0,0,0,0,0,0,0,6,0,0,0,0,0,0,0,1,32
20,1,45,20,3,0,2,0,0,0,0,0,0,0,1,0,100,100,100,100,0,0,0,0,0,0,0,0,0,0,0,0,1,32
20,1,46,20,3,0,2,0,0,0,0,0,0,0,1,0,100,100,100,100,0,0,0,0,0,0,0,0,0,0,0,0,1,32
20,1,47,48,3,1,43,64,0,72,0,0,0,0,6,0,113,113,65,65,0,0,0,0,0,0,0,0,0,0,0,0,4,0
20,1,48,20,3,0,2,0,0,0,0,0,0,0,1,0,100,100,100,100,0,0,0,0,0,0,0,0,0,0,0,0,1,32
20,1,49,48,3,1,43,64,0,72,0,0,0,0,6,0,113,113,65,65,0,0,0,0,0,0,0,0,0,0,0,0,4,0
20,1,50,20,3,0,2,0,0,0,0,0,0,0,1,0,100,100,100,100,0,0,0,0,0,0,0,0,0,0,0,0,1,32
20,1,51,48,3,1,43,64,0,72,0,0,0,0,6,0,113,113,65,65,0,0,0,0,0,0,0,0,0,0,0,0,4,0
20,1,52,23,3,0,2,0,0,64,0,0,0,0,1,0,100,100,100,100,0,0,0,0,0,0,0,0,0,0,0,0,1,32
20,1,53,48,3,1,43,64,0,72,0,0,0,0,6,0,113,113,65,65,0,0,0,0,0,0,0,0,0,0,0,0,4,0
20,1,54,20,3,0,2,0,0,0,0,0,0,0,1,0,100,100,100,100,0,0,0,0,0,0,0,0,0,0,0,0,1,32
20,1,55,8,3,1,1,1,2,64,0,64,0,0,0,0,0,0,0,0,0,0,0,0,6,0,0,0,0,0,0,0,1,32
20,1,56,8,3,1,1,1,6,64,0,64,0,0,0,0,0,0,0,0,0,0,0,0,6,0,0,0,0,0,0,0,1,32
20,1,57,20,3,0,6,0,0,0,0,0,0,0,1,0,100,100,100,100,0,0,0,0,0,0,0,0,0,0,0,0,1,32
20,1,58,48,3,1,47,64,0,72,0,0,0,0,6,0,113,113,65,65,0,0,0,0,0,0,0,0,0,0,0,0,4,0
20,1,59,20,3,0,6,0,0,0,0,0,0,0,1,0,100,100,100,100,0,0,0,0,0,0,0,0,0,0,0,0,1,32
20,1,60,48,3,1,47,64,0,72,0,0,0,0,6,0,113,113,65,65,0,0,0,0,0,0,0,0,0,0,0,0,4,0
20,1,61,20,3,0,6,0,0,0,0,0,0,0,1,0,100,100,100,100,0,0,0,0,0,0,0,0,0,0,0,0,1,32
20,1,62,48,3,1,47,64,0,72,0,0,0,0,6,0,113,113,65,65,0,0,0,0,0,0,0,0,0,0,0,0,4,0
20,1,63,23,3,0,6,0,0,64,0,0,0,0,1,0,100,100,100,100,0,0,0,0,0,0,0,0,0,0,0,0,1,32
20,1,64,48,3,1,47,64,0,72,0,0,0,0,6,0,113,113,65,65,0,0,0,0,0,0,0,0,0,0,0,0,4,0
20,1,65,20,3,0,6,0,0,0,0,0,0,0,1,0,100,100,100,100,0,0,0,0,0,0,0,0,0,0,0,0,1,32
20,1,70,20,3,0,6,0,0,0,0,0,0,0,1,0,100,100,100,100,0,0,0,0,0,0,0,0,0,0,0,0,1,32
20,1,71,20,3,0,53,0,1,0,0,0,0,0,1,0,100,100,100,100,0,0,0,0,0,0,0,0,0,0,0,0,0,0
20,1,72,48,3,1,102,64,0,72,0,0,0,0,6,0,113,113,113,113,0,0,0,0,0,0,0,0,0,0,0,0,0,0
20,1,73,8,3,1,1,1,1,64,0,64,0,0,0,0,0,0,0,0,0,0,0,0,6,0,0,0,0,0,0,0,1,32
20,1,74,20,3,0,1,0,0,0,0,0,0,0,1,0,100,100,100,100,0,0,0,0,0,0,0,0,0,0,0,0,1,32
20,1,75,23,3,0,1,0,0,64,0,0,0,0,1,0,100,100,100,100,0,0,0,0,0,0,0,0,0,0,0,0,1,32
20,1,76,48,3,1,42,64,0,72,0,0,0,0,6,0,113,113,65,65,0,0,0,0,0,0,0,0,0,0,0,0,4,0
20,1,77,20,3,0,1,0,0,0,0,0,0,0,1,0,100,100,100,100,0,0,0,0,0,0,0,0,0,0,0,0,1,32
20,1,78,48,3,1,42,64,0,72,0,0,0,0,6,0,113,113,65,65,0,0,0,0,0,0,0,0,0,0,0,0,4,0
20,1,79,20,3,0,1,0,0,0,0,0,0,0,1,0,100,100,100,100,0,0,0,0,0,0,0,0,0,0,0,0,1,32
20,1,80,48,3,1,42,64,0,72,0,0,0,0,6,0,113,113,65,65,0,0,0,0,0,0,0,0,0,0,0,0,4,0
20,1,81,20,3,0,1,0,0,0,0,0,0,0,1,0,100,100,100,100,0,0,0,0,0,0,0,0,0,0,0,0,1,32
20,1,82,48,3,1,42,64,0,72,0,0,0,0,6,0,113,113,65,65,0,0,0,0,0,0,0,0,0,0,0,0,4,0
20,1,83,20,3,0,1,0,0,0,0,0,0,0,1,0,100,100,100,100,0,0,0,0,0,0,0,0,0,0,0,0,1,32
20,1,84,20,2,0,51,0,0,0,0,0,0,0,1,0,100,100,100,100,0,0,0,0,0,0,0,0,0,0,0,0,1,32
20,1,85,48,2,1,101,64,0,72,0,0,0,0,6,0,113,113,65,65,0,0,0,0,0,0,0,0,0,0,0,0,4,0
20,1,86,105,2,1,51,0,0,64,0,0,0,0,1,0,3,3,3,0,0,0,0,0,0,0,0,0,0,0,0,0,0,0
20,1,100,48,4,1,83,64,83,72,0,0,0,0,6,6,113,113,113,113,0,0,0,0,0,0,0,0,0,0,0,0,0,0
20,2,1,8,15,0,0,0,87,64,0,0,0,0,0,0,0,0,0,0,0,0,0,0,6,0,0,0,0,0,0,0,0,0
20,2,2,8,15,0,0,0,133,64,0,0,0,0,0,0,0,0,0,0,0,0,0,0,6,0,0,0,0,0,0,0,0,0
20,2,3,31,15,65,0,0,0,1,0,0,0,0,0,0,0,0,0,0,0,0,0,0,0,0,0,0,0,0,0,0,0,0
20,2,4,31,8,58,0,0,0,1,0,0,0,0,0,0,0,0,0,0,0,0,0,0,0,0,0,0,0,0,0,0,0,0
20,2,5,20,5,1,55,0,1,0,0,0,0,0,1,0,100,100,100,100,0,0,0,0,0,0,0,0,0,0,0,0,0,0
20,2,6,20,8,1,58,0,1,0,0,0,0,0,1,0,100,100,100,100,0,0,0,0,0,0,0,0,0,0,0,0,0,0
20,2,7,20,8,1,58,0,1,0,0,0,0,0,1,0,100,100,100,100,0,0,0,0,0,0,0,0,0,0,0,0,0,0
20,2,8,20,9,1,59,0,1,0,0,0,0,0,1,0,100,100,100,100,0,0,0,0,0,0,0,0,0,0,0,0,0,0
20,2,9,48,9,1,108,64,0,72,0,0,0,0,6,0,113,113,65,65,0,0,0,0,0,0,0,0,0,0,0,0,0,0
20,2,10,8,9,1,1,1,15,64,0,0,0,0,0,0,0,0,0,0,0,0,0,0,6,0,0,0,0,0,0,0,1,32
20,2,11,20,9,0,15,0,0,0,0,0,0,0,1,0,100,100,100,100,0,0,0,0,0,0,0,0,0,0,0,0,1,32
20,2,12,23,9,0,15,0,0,64,0,0,0,0,1,0,100,100,100,100,0,0,0,0,0,0,0,0,0,0,0,0,1,32
20,2,13,48,9,1,56,64,0,72,0,0,0,0,6,0,65,65,65,65,0,0,0,0,0,0,0,0,0,0,0,0,4,0
20,2,14,20,9,0,15,0,0,0,0,0,0,0,1,0,100,100,100,100,0,0,0,0,0,0,0,0,0,0,0,0,1,32
20,2,15,48,9,1,56,64,0,72,0,0,0,0,6,0,65,65,65,65,0,0,0,0,0,0,0,0,0,0,0,0,4,0
20,2,16,20,9,0,15,0,0,0,0,0,0,0,1,0,100,100,100,100,0,0,0,0,0,0,0,0,0,0,0,0,1,32
20,2,17,48,9,1,56,64,0,72,0,0,0,0,6,0,65,65,65,65,0,0,0,0,0,0,0,0,0,0,0,0,4,0
20,2,18,20,9,0,15,0,0,0,0,0,0,0,1,0,100,100,100,100,0,0,0,0,0,0,0,0,0,0,0,0,1,32
20,2,19,48,9,1,56,64,0,72,0,0,0,0,6,0,65,65,65,65,0,0,0,0,0,0,0,0,0,0,0,0,4,0
20,2,20,20,9,0,15,0,0,0,0,0,0,0,1,0,100,100,100,100,0,0,0,0,0,0,0,0,0,0,0,0,1,32
20,2,21,31,9,59,0,0,0,1,0,0,0,0,0,0,0,0,0,0,0,0,0,0,0,0,0,0,0,0,0,0,1,32
20,2,22,20,4,0,54,0,0,0,0,0,0,0,1,0,100,100,100,100,0,0,0,0,0,0,0,0,0,0,0,0,1,32
20,2,23,8,9,1,1,1,17,64,0,0,0,0,0,0,0,0,0,0,0,0,0,0,6,0,0,0,0,0,0,0,1,32
20,2,24,20,9,0,17,0,0,0,0,0,0,0,1,0,100,100,100,100,0,0,0,0,0,0,0,0,0,0,0,0,1,32
20,2,25,23,9,0,17,0,0,64,0,0,0,0,1,0,100,100,100,100,0,0,0,0,0,0,0,0,0,0,0,0,1,32
20,2,26,48,9,1,58,64,0,72,0,0,0,0,6,0,65,65,65,65,0,0,0,0,0,0,0,0,0,0,0,0,4,0
20,2,27,20,9,0,17,0,0,0,0,0,0,0,1,0,100,100,100,100,0,0,0,0,0,0,0,0,0,0,0,0,1,32
20,2,28,48,9,1,58,64,0,72,0,0,0,0,6,0,65,65,65,65,0,0,0,0,0,0,0,0,0,0,0,0,4,0
20,2,29,20,9,0,17,0,0,0,0,0,0,0,1,0,100,100,100,100,0,0,0,0,0,0,0,0,0,0,0,0,1,32
20,2,30,48,9,1,58,64,0,72,0,0,0,0,6,0,65,65,65,65,0,0,0,0,0,0,0,0,0,0,0,0,4,0
20,2,31,20,9,0,17,0,0,0,0,0,0,0,1,0,100,100,100,100,0,0,0,0,0,0,0,0,0,0,0,0,1,32
20,2,32,48,9,1,58,64,0,72,0,0,0,0,6,0,65,65,65,65,0,0,0,0,0,0,0,0,0,0,0,0,4,0
20,2,33,20,9,0,17,0,0,0,0,0,0,0,1,0,100,100,100,100,0,0,0,0,0,0,0,0,0,0,0,0,1,32
20,2,34,20,9,1,59,0,1,0,0,0,0,0,1,0,100,100,100,100,0,0,0,0,0,0,0,0,0,0,0,0,0,0
20,2,35,48,9,1,108,64,0,72,0,0,0,0,6,0,113,113,65,65,0,0,0,0,0,0,0,0,0,0,0,0,0,0
20,2,36,8,9,1,1,1,16,64,0,0,0,0,0,0,0,0,0,0,0,0,0,0,6,0,0,0,0,0,0,0,1,32
20,2,37,20,9,0,16,0,0,0,0,0,0,0,1,0,100,100,100,100,0,0,0,0,0,0,0,0,0,0,0,0,1,32
20,2,38,48,9,1,57,64,0,72,0,0,0,0,6,0,65,65,65,65,0,0,0,0,0,0,0,0,0,0,0,0,4,0
20,2,39,20,9,0,16,0,0,0,0,0,0,0,1,0,100,100,100,100,0,0,0,0,0,0,0,0,0,0,0,0,1,32
20,2,40,48,9,1,57,64,0,72,0,0,0,0,6,0,65,65,65,65,0,0,0,0,0,0,0,0,0,0,0,0,4,0
20,2,41,20,9,0,16,0,0,0,0,0,0,0,1,0,100,100,100,100,0,0,0,0,0,0,0,0,0,0,0,0,1,32
20,2,42,48,9,1,57,64,0,72,0,0,0,0,6,0,65,65,65,65,0,0,0,0,0,0,0,0,0,0,0,0,4,0
20,2,43,23,9,0,16,0,0,64,0,0,0,0,1,0,100,100,100,100,0,0,0,0,0,0,0,0,0,0,0,0,1,32
20,2,44,48,9,1,57,64,0,72,0,0,0,0,6,0,65,65,65,65,0,0,0,0,0,0,0,0,0,0,0,0,4,0
20,2,45,20,9,0,16,0,0,0,0,0,0,0,1,0,100,100,100,100,0,0,0,0,0,0,0,0,0,0,0,0,1,32
20,2,46,20,9,0,16,0,0,0,0,0,0,0,1,0,100,100,100,100,0,0,0,0,0,0,0,0,0,0,0,0,1,32
20,2,47,20,9,1,59,0,1,0,0,0,0,0,1,0,100,100,100,100,0,0,0,0,0,0,0,0,0,0,0,0,0,0
20,2,48,20,9,1,59,0,1,0,0,0,0,0,1,0,100,100,100,100,0,0,0,0,0,0,0,0,0,0,0,0,0,0
20,2,49,48,9,1,108,64,0,72,0,0,0,0,6,0,113,113,65,65,0,0,0,0,0,0,0,0,0,0,0,0,0,0
20,2,50,20,9,0,18,0,0,0,0,0,0,0,1,0,100,100,100,100,0,0,0,0,0,0,0,0,0,0,0,0,1,32
20,2,51,20,9,0,18,0,0,0,0,0,0,0,1,0,100,100,100,100,0,0,0,0,0,0,0,0,0,0,0,0,1,32
20,2,52,23,9,0,18,0,0,64,0,0,0,0,1,0,100,100,100,100,0,0,0,0,0,0,0,0,0,0,0,0,1,32
20,2,53,48,9,1,59,64,0,72,0,0,0,0,6,0,65,65,65,65,0,0,0,0,0,0,0,0,0,0,0,0,4,0
20,2,54,20,9,0,18,0,0,0,0,0,0,0,1,0,100,100,100,100,0,0,0,0,0,0,0,0,0,0,0,0,1,32
20,2,55,48,9,1,59,64,0,72,0,0,0,0,6,0,65,65,65,65,0,0,0,0,0,0,0,0,0,0,0,0,4,0
20,2,56,20,9,0,18,0,0,0,0,0,0,0,1,0,100,100,100,100,0,0,0,0,0,0,0,0,0,0,0,0,1,32
20,2,57,48,9,1,59,64,0,72,0,0,0,0,6,0,65,65,65,65,0,0,0,0,0,0,0,0,0,0,0,0,4,0
20,2,58,20,9,0,18,0,0,0,0,0,0,0,1,0,100,100,100,100,0,0,0,0,0,0,0,0,0,0,0,0,1,32
20,2,59,48,9,1,59,64,0,72,0,0,0,0,6,0,65,65,65,65,0,0,0,0,0,0,0,0,0,0,0,0,4,0
20,2,60,8,9,1,1,1,18,64,0,0,0,0,0,0,0,0,0,0,0,0,0,0,6,0,0,0,0,0,0,0,1,32
20,2,61,8,9,1,1,1,19,64,0,0,0,0,0,0,0,0,0,0,0,0,0,0,6,0,0,0,0,0,0,0,1,32
20,2,62,20,9,0,19,0,0,0,0,0,0,0,1,0,100,100,100,100,0,0,0,0,0,0,0,0,0,0,0,0,1,32
20,2,63,48,9,1,60,64,0,72,0,0,0,0,6,0,65,65,65,65,0,0,0,0,0,0,0,0,0,0,0,0,4,0
20,2,64,20,9,0,19,0,0,0,0,0,0,0,1,0,100,100,100,100,0,0,0,0,0,0,0,0,0,0,0,0,1,32
20,2,65,48,9,1,60,64,0,72,0,0,0,0,6,0,65,65,65,65,0,0,0,0,0,0,0,0,0,0,0,0,4,0
20,2,66,20,9,0,19,0,0,0,0,0,0,0,1,0,100,100,100,100,0,0,0,0,0,0,0,0,0,0,0,0,1,32
20,2,67,48,9,1,60,64,0,72,0,0,0,0,6,0,65,65,65,65,0,0,0,0,0,0,0,0,0,0,0,0,4,0
20,2,68,23,9,0,19,0,0,64,0,0,0,0,1,0,100,100,100,100,0,0,0,0,0,0,0,0,0,0,0,0,1,32
20,2,69,48,9,1,60,64,0,72,0,0,0,0,6,0,65,65,65,65,0,0,0,0,0,0,0,0,0,0,0,0,4,0
20,2,70,20,9,0,19,0,0,0,0,0,0,0,1,0,100,100,100,100,0,0,0,0,0,0,0,0,0,0,0,0,1,32
20,2,71,20,9,0,19,0,0,0,0,0,0,0,1,0,100,100,100,100,0,0,0,0,0,0,0,0,0,0,0,0,1,32
20,2,72,8,9,1,1,1,14,64,0,0,0,0,0,0,0,0,0,0,0,0,0,0,6,0,0,0,0,0,0,0,1,32
20,2,73,20,9,0,14,0,0,0,0,0,0,0,1,0,100,100,100,100,0,0,0,0,0,0,0,0,0,0,0,0,1,32
20,2,74,20,9,0,14,0,0,0,0,0,0,0,1,0,100,100,100,100,0,0,0,0,0,0,0,0,0,0,0,0,1,32
20,2,75,48,9,1,55,64,0,72,0,0,0,0,6,0,65,65,65,65,0,0,0,0,0,0,0,0,0,0,0,0,4,0
20,2,76,20,9,0,14,0,0,0,0,0,0,0,1,0,100,100,100,100,0,0,0,0,0,0,0,0,0,0,0,0,1,32
20,2,77,48,9,1,55,64,0,72,0,0,0,0,6,0,65,65,65,65,0,0,0,0,0,0,0,0,0,0,0,0,4,0
20,2,78,23,9,0,14,0,0,64,0,0,0,0,1,0,100,100,100,100,0,0,0,0,0,0,0,0,0,0,0,0,1,32
20,2,79,48,9,1,55,64,0,72,0,0,0,0,6,0,65,65,65,65,0,0,0,0,0,0,0,0,0,0,0,0,4,0
20,2,80,20,9,0,14,0,0,0,0,0,0,0,1,0,100,100,100,100,0,0,0,0,0,0,0,0,0,0,0,0,1,32
20,2,81,48,9,1,55,64,0,72,0,0,0,0,6,0,65,65,65,65,0,0,0,0,0,0,0,0,0,0,0,0,4,0
20,2,82,20,9,1,14,0,1,0,0,0,0,0,1,0,100,100,100,100,0,0,0,0,0,0,0,0,0,0,0,0,0,0
20,2,83,8,8,1,1,1,12,64,0,0,0,0,0,0,0,0,0,0,0,0,0,0,6,0,0,0,0,0,0,0,1,32
20,2,84,20,8,0,12,0,0,0,0,0,0,0,1,0,100,100,100,100,0,0,0,0,0,0,0,0,0,0,0,0,1,32
20,2,85,48,8,1,53,64,0,72,0,0,0,0,6,0,65,65,65,65,0,0,0,0,0,0,0,0,0,0,0,0,4,0
20,2,86,20,8,0,12,0,0,0,0,0,0,0,1,0,100,100,100,100,0,0,0,0,0,0,0,0,0,0,0,0,1,32
20,2,87,48,8,1,53,64,0,72,0,0,0,0,6,0,65,65,65,65,0,0,0,0,0,0,0,0,0,0,0,0,4,0
20,2,88,20,8,0,12,0,0,0,0,0,0,0,1,0,100,100,100,100,0,0,0,0,0,0,0,0,0,0,0,0,1,32
20,2,89,48,8,1,53,64,0,72,0,0,0,0,6,0,65,65,65,65,0,0,0,0,0,0,0,0,0,0,0,0,4,0
20,2,90,23,8,0,12,0,0,64,0,0,0,0,1,0,100,100,100,100,0,0,0,0,0,0,0,0,0,0,0,0,1,32
20,2,91,48,8,1,53,64,0,72,0,0,0,0,6,0,65,65,65,65,0,0,0,0,0,0,0,0,0,0,0,0,4,0
20,2,92,20,8,0,12,0,0,0,0,0,0,0,1,0,100,100,100,100,0,0,0,0,0,0,0,0,0,0,0,0,1,32
20,2,93,20,8,1,12,0,1,0,0,0,0,0,1,0,100,100,100,100,0,0,0,0,0,0,0,0,0,0,0,0,0,0
20,2,94,24,15,1,65,0,1,64,0,0,0,0,1,0,100,100,100,100,0,0,0,0,0,0,0,0,0,0,0,0,0,0
20,2,95,48,15,1,114,64,0,72,0,0,0,0,6,0,113,113,65,65,0,0,0,0,0,0,0,0,0,0,0,0,0,0
20,2,110,8,9,0,0,0,93,64,0,0,0,0,0,0,0,0,0,0,0,0,0,0,6,0,0,0,0,0,0,0,0,0
20,3,1,8,16,0,0,0,134,64,0,64,0,0,0,0,0,0,0,0,0,0,0,0,6,0,0,0,0,0,0,0,0,0
20,3,2,8,16,0,0,0,123,64,0,64,0,0,0,0,0,0,0,0,0,0,0,0,6,0,0,0,0,0,0,0,0,0
20,3,3,31,16,66,0,0,0,1,0,0,0,0,0,0,0,0,0,0,0,0,0,0,0,0,0,0,0,0,0,0,0,0
20,3,4,24,16,0,66,0,0,64,0,0,0,0,1,0,100,100,100,100,0,0,0,0,0,0,0,0,0,0,0,0,1,32
20,3,5,48,16,1,115,64,0,72,0,0,0,0,6,0,113,113,65,65,0,0,0,0,0,0,0,0,0,0,0,0,4,0
20,3,6,20,13,1,28,0,1,0,0,0,0,0,1,0,100,100,100,100,0,0,0,0,0,0,0,0,0,0,0,0,0,0
20,3,7,20,13,0,28,0,0,0,0,0,0,0,1,0,100,100,100,100,0,0,0,0,0,0,0,0,0,0,0,0,1,32
20,3,8,23,13,0,28,0,0,64,0,0,0,0,1,0,100,100,100,100,0,0,0,0,0,0,0,0,0,0,0,0,1,32
20,3,9,48,13,1,69,64,0,72,0,0,0,0,6,0,113,113,65,65,0,0,0,0,0,0,0,0,0,0,0,0,4,0
20,3,10,20,13,0,28,0,0,0,0,0,0,0,1,0,100,100,100,100,0,0,0,0,0,0,0,0,0,0,0,0,1,32
20,3,11,20,13,0,28,0,0,0,0,0,0,0,1,0,100,100,100,100,0,0,0,0,0,0,0,0,0,0,0,0,1,32
20,3,12,48,13,1,69,64,0,72,0,0,0,0,6,0,113,113,65,65,0,0,0,0,0,0,0,0,0,0,0,0,4,0
20,3,13,20,13,0,28,0,0,0,0,0,0,0,1,0,100,100,100,100,0,0,0,0,0,0,0,0,0,0,0,0,1,32
20,3,14,8,1,1,1,1,28,64,0,64,0,0,0,0,0,0,0,0,0,0,0,0,6,0,0,0,0,0,0,0,1,32
20,3,15,20,12,1,62,0,1,0,0,0,0,0,1,0,100,100,100,100,0,0,0,0,0,0,0,0,0,0,0,0,0,0
20,3,16,48,12,1,111,64,0,72,0,0,0,0,6,0,113,113,113,113,0,0,0,0,0,0,0,0,0,0,0,0,0,0
20,3,17,20,12,0,29,0,0,0,0,0,0,0,1,0,100,100,100,100,0,0,0,0,0,0,0,0,0,0,0,0,1,32
20,3,18,20,12,0,29,0,0,0,0,0,0,0,1,0,100,100,100,100,0,0,0,0,0,0,0,0,0,0,0,0,1,32
20,3,19,48,12,1,70,64,0,72,0,0,0,0,6,0,113,113,65,65,0,0,0,0,0,0,0,0,0,0,0,0,4,0
20,3,20,20,12,0,29,0,0,0,0,0,0,0,1,0,100,100,100,100,0,0,0,0,0,0,0,0,0,0,0,0,1,32
20,3,21,48,12,1,70,64,0,72,0,0,0,0,6,0,113,113,65,65,0,0,0,0,0,0,0,0,0,0,0,0,4,0
20,3,22,20,12,0,29,0,0,0,0,0,0,0,1,0,100,100,100,100,0,0,0,0,0,0,0,0,0,0,0,0,1,32
20,3,23,48,12,1,70,64,0,72,0,0,0,0,6,0,113,113,65,65,0,0,0,0,0,0,0,0,0,0,0,0,4,0
20,3,24,20,12,0,29,0,0,0,0,0,0,0,1,0,100,100,100,100,0,0,0,0,0,0,0,0,0,0,0,0,1,32
20,3,25,23,12,0,29,0,0,64,0,0,0,0,1,0,100,100,100,100,0,0,0,0,0,0,0,0,0,0,0,0,1,32
20,3,26,48,12,1,70,64,0,72,0,0,0,0,6,0,113,113,65,65,0,0,0,0,0,0,0,0,0,0,0,0,4,0
20,3,27,8,12,1,1,1,29,64,0,64,0,0,0,0,0,0,0,0,0,0,0,0,6,0,0,0,0,0,0,0,1,32
20,3,28,20,12,1,62,0,1,0,0,0,0,0,1,0,100,100,100,100,0,0,0,0,0,0,0,0,0,0,0,0,0,0
20,3,29,48,12,1,111,64,0,72,0,0,0,0,6,0,113,113,113,113,0,0,0,0,0,0,0,0,0,0,0,0,0,0
20,3,30,8,12,1,1,1,30,64,0,64,0,0,0,0,0,0,0,0,0,0,0,0,6,0,0,0,0,0,0,0,1,32
20,3,31,20,12,0,30,0,0,0,0,0,0,0,1,0,100,100,100,100,0,0,0,0,0,0,0,0,0,0,0,0,1,32
20,3,32,23,12,0,30,0,0,64,0,0,0,0,1,0,100,100,100,100,0,0,0,0,0,0,0,0,0,0,0,0,1,32
20,3,33,48,12,1,71,64,0,72,0,0,0,0,6,0,113,113,65,65,0,0,0,0,0,0,0,0,0,0,0,0,4,0
20,3,34,20,12,0,30,0,0,0,0,0,0,0,1,0,100,100,100,100,0,0,0,0,0,0,0,0,0,0,0,0,1,32
20,3,35,48,12,1,71,64,0,72,0,0,0,0,6,0,113,113,65,65,0,0,0,0,0,0,0,0,0,0,0,0,4,0
20,3,36,20,12,0,30,0,0,0,0,0,0,0,1,0,100,100,100,100,0,0,0,0,0,0,0,0,0,0,0,0,1,32
20,3,37,48,12,1,71,64,0,72,0,0,0,0,6,0,113,113,65,65,0,0,0,0,0,0,0,0,0,0,0,0,4,0
20,3,38,20,12,0,30,0,0,0,0,0,0,0,1,0,100,100,100,100,0,0,0,0,0,0,0,0,0,0,0,0,1,32
20,3,39,48,12,1,71,64,0,72,0,0,0,0,6,0,113,113,65,65,0,0,0,0,0,0,0,0,0,0,0,0,4,0
20,3,40,20,12,1,30,0,1,0,0,0,0,0,1,0,100,100,100,100,0,0,0,0,0,0,0,0,0,0,0,0,0,0
20,3,41,8,12,1,1,1,31,64,0,64,0,0,0,0,0,0,0,0,0,0,0,0,6,0,0,0,0,0,0,0,1,32
20,3,42,20,12,0,31,0,0,0,0,0,0,0,1,0,100,100,100,100,0,0,0,0,0,0,0,0,0,0,0,0,1,32
20,3,43,48,12,1,72,64,0,72,0,0,0,0,6,0,113,113,65,65,0,0,0,0,0,0,0,0,0,0,0,0,4,0
20,3,44,23,12,0,31,0,0,64,0,0,0,0,1,0,100,100,100,100,0,0,0,0,0,0,0,0,0,0,0,0,1,32
20,3,45,48,12,1,72,64,0,72,0,0,0,0,6,0,113,113,65,65,0,0,0,0,0,0,0,0,0,0,0,0,4,0
20,3,46,20,12,0,31,0,0,0,0,0,0,0,1,0,100,100,100,100,0,0,0,0,0,0,0,0,0,0,0,0,1,32
20,3,47,48,12,1,72,64,0,72,0,0,0,0,6,0,113,113,65,65,0,0,0,0,0,0,0,0,0,0,0,0,4,0
20,3,48,20,12,0,31,0,0,0,0,0,0,0,1,0,100,100,100,100,0,0,0,0,0,0,0,0,0,0,0,0,1,32
20,3,49,20,12,0,31,0,0,0,0,0,0,0,1,0,100,100,100,100,0,0,0,0,0,0,0,0,0,0,0,0,1,32
20,3,50,48,12,1,72,64,0,72,0,0,0,0,6,0,113,113,65,65,0,0,0,0,0,0,0,0,0,0,0,0,4,0
20,3,51,20,12,0,31,0,0,0,0,0,0,0,1,0,100,100,100,100,0,0,0,0,0,0,0,0,0,0,0,0,1,32
20,3,52,8,12,1,1,1,32,64,0,64,0,0,0,0,0,0,0,0,0,0,0,0,6,0,0,0,0,0,0,0,1,32
20,3,53,20,12,0,32,0,0,0,0,0,0,0,1,0,100,100,100,100,0,0,0,0,0,0,0,0,0,0,0,0,1,32
20,3,54,23,12,0,32,0,0,64,0,0,0,0,1,0,100,100,100,100,0,0,0,0,0,0,0,0,0,0,0,0,1,32
20,3,55,48,12,1,73,64,0,72,0,0,0,0,6,0,113,113,65,65,0,0,0,0,0,0,0,0,0,0,0,0,4,0
20,3,56,20,12,0,32,0,0,0,0,0,0,0,1,0,100,100,100,100,0,0,0,0,0,0,0,0,0,0,0,0,1,32
20,3,57,20,12,0,32,0,0,0,0,0,0,0,1,0,100,100,100,100,0,0,0,0,0,0,0,0,0,0,0,0,1,32
20,3,58,48,12,1,73,64,0,72,0,0,0,0,6,0,113,113,65,65,0,0,0,0,0,0,0,0,0,0,0,0,4,0
20,3,59,20,12,0,32,0,0,0,0,0,0,0,1,0,100,100,100,100,0,0,0,0,0,0,0,0,0,0,0,0,1,32
20,3,60,48,12,1,73,64,0,72,0,0,0,0,6,0,113,113,65,65,0,0,0,0,0,0,0,0,0,0,0,0,4,0
20,3,61,20,12,0,32,0,0,0,0,0,0,0,1,0,100,100,100,100,0,0,0,0,0,0,0,0,0,0,0,0,1,32
20,3,62,48,12,1,73,64,0,72,0,0,0,0,6,0,113,113,65,65,0,0,0,0,0,0,0,0,0,0,0,0,4,0
20,3,63,20,12,1,62,0,1,0,0,0,0,0,1,0,100,100,100,100,0,0,0,0,0,0,0,0,0,0,0,0,0,0
20,3,64,48,12,1,111,64,0,72,0,0,0,0,6,0,113,113,113,113,0,0,0,0,0,0,0,0,0,0,0,0,0,0
20,3,65,20,12,1,62,0,1,0,0,0,0,0,1,0,100,100,100,100,0,0,0,0,0,0,0,0,0,0,0,0,0,0
20,3,66,31,12,62,0,0,0,1,0,0,0,0,0,0,0,0,0,0,0,0,0,0,0,0,0,0,0,0,0,0,1,32
20,3,67,20,4,0,54,0,0,0,0,0,0,0,1,0,100,100,100,100,0,0,0,0,0,0,0,0,0,0,0,0,1,32
20,3,68,20,12,0,33,0,0,0,0,0,0,0,1,0,100,100,100,100,0,0,0,0,0,0,0,0,0,0,0,0,1,32
20,3,69,20,12,0,33,0,0,0,0,0,0,0,1,0,100,100,100,100,0,0,0,0,0,0,0,0,0,0,0,0,1,32
20,3,70,48,12,1,74,64,0,72,0,0,0,0,6,0,113,113,65,65,0,0,0,0,0,0,0,0,0,0,0,0,4,0
20,3,71,20,12,0,33,0,0,0,0,0,0,0,1,0,100,100,100,100,0,0,0,0,0,0,0,0,0,0,0,0,1,32
20,3,72,48,12,1,74,64,0,72,0,0,0,0,6,0,113,113,65,65,0,0,0,0,0,0,0,0,0,0,0,0,4,0
20,3,73,20,12,0,33,0,0,0,0,0,0,0,1,0,100,100,100,100,0,0,0,0,0,0,0,0,0,0,0,128,0,9
20,3,74,48,12,1,74,64,0,72,0,0,0,0,6,0,113,113,65,65,0,0,0,0,0,0,0,0,0,0,0,0,4,0
20,3,75,20,12,0,33,0,0,0,0,0,0,0,1,0,100,100,100,100,0,0,0,0,0,0,0,0,0,0,0,0,1,32
20,3,76,23,12,0,33,0,0,64,0,0,0,0,1,0,100,100,100,100,0,0,0,0,0,0,0,0,0,0,0,0,1,32
20,3,77,48,12,1,74,64,0,72,0,0,0,0,6,0,113,113,65,65,0,0,0,0,0,0,0,0,0,0,0,0,4,0
20,3,78,8,12,1,1,1,33,64,0,64,0,0,0,0,0,0,0,0,0,0,0,0,6,0,0,0,0,0,0,0,1,32
20,3,80,8,12,1,1,1,34,64,0,64,0,0,0,0,0,0,0,0,0,0,0,0,6,0,0,0,0,0,0,0,1,32
20,3,81,23,12,0,34,0,0,64,0,0,0,0,1,0,100,100,100,100,0,0,0,0,0,0,0,0,0,0,0,0,1,32
20,3,82,48,12,1,75,64,0,72,0,0,0,0,6,0,113,113,65,65,0,0,0,0,0,0,0,0,0,0,0,0,4,0
20,3,83,20,12,0,34,0,0,0,0,0,0,0,1,0,100,100,100,100,0,0,0,0,0,0,0,0,0,0,0,0,1,32
20,3,84,20,12,0,34,0,0,0,0,0,0,0,1,0,100,100,100,100,0,0,0,0,0,0,0,0,0,0,0,0,1,32
20,3,85,48,12,1,75,64,0,72,0,0,0,0,6,0,113,113,65,65,0,0,0,0,0,0,0,0,0,0,0,0,4,0
20,3,86,20,12,0,34,0,0,0,0,0,0,0,1,0,100,100,100,100,0,0,0,0,0,0,0,0,0,0,0,0,1,32
20,3,87,48,12,1,75,64,0,72,0,0,0,0,6,0,113,113,65,65,0,0,0,0,0,0,0,0,0,0,0,0,4,0
20,3,88,20,12,0,34,0,0,0,0,0,0,0,1,0,100,100,100,100,0,0,0,0,0,0,0,0,0,0,0,0,1,32
20,3,89,31,13,63,0,0,0,1,0,0,0,0,0,0,0,0,0,0,0,0,0,0,0,0,0,0,0,0,0,0,1,32
20,3,90,20,5,1,55,0,1,0,0,0,0,0,1,0,100,100,100,100,0,0,0,0,0,0,0,0,0,0,0,0,0,0
20,3,91,20,17,0,67,0,0,0,0,0,0,0,1,0,100,100,100,100,0,0,0,0,0,0,0,0,0,0,0,0,1,32
20,3,92,20,13,1,63,0,1,0,0,0,0,0,1,0,100,100,100,100,0,0,0,0,0,0,0,0,0,0,0,0,0,0
20,3,93,20,12,1,34,0,1,0,0,0,0,0,1,0,100,100,100,100,0,0,0,0,0,0,0,0,0,0,0,0,0,0
20,3,94,48,12,1,75,64,0,72,0,0,0,0,6,0,113,113,65,65,0,0,0,0,0,0,0,0,0,0,0,0,4,0
20,3,110,8,12,0,0,0,96,64,0,0,0,0,0,0,0,0,0,0,0,0,0,0,6,0,0,0,0,0,0,0,0,0
20,3,111,8,16,0,0,0,125,64,0,0,0,0,0,0,0,0,0,0,0,0,0,0,6,0,0,0,0,0,0,0,0,0
20,3,115,20,19,1,63,0,1,0,0,0,0,0,1,0,100,100,100,100,0,0,0,0,0,0,0,0,0,0,0,0,0,0
20,3,116,48,19,1,112,64,0,72,0,0,0,0,6,0,113,113,112,112,0,0,0,0,0,0,0,0,0,0,0,0,0,0
20,3,119,20,18,1,62,0,1,0,0,0,0,0,1,0,100,100,100,100,0,0,0,0,0,0,0,0,0,0,0,0,0,0
20,3,121,20,18,1,62,0,1,0,0,0,0,0,1,0,100,100,100,100,0,0,0,0,0,0,0,0,0,0,0,0,0,0
20,3,122,48,18,1,111,64,0,72,0,0,0,0,6,0,113,113,112,112,0,0,0,0,0,0,0,0,0,0,0,0,0,0
20,3,124,20,19,1,66,0,1,0,0,0,0,0,1,0,100,100,100,100,0,0,0,0,0,0,0,0,0,0,0,0,0,0
20,3,125,48,13,1,69,64,0,72,0,0,0,0,6,0,113,113,113,113,0,0,0,0,0,0,0,0,0,0,0,0,0,0
20,3,126,48,13,1,69,64,0,72,0,0,0,0,6,0,113,113,113,113,0,0,0,0,0,0,0,0,0,0,0,0,0,0
20,END,2,22928
14,BEGIN,2
14,1,1,0,300,1,0,300,1,0,300,1,0,300,0,0,0,1,0,1,0,0,0,0,0,1,1,1,1,0
14,2,1,0,300,1,0,300,1,0,300,1,0,300,0,0,0,1,0,1,0,0,0,0,0,1,1,1,1,0
14,3,1,0,300,1,0,300,1,0,300,1,0,300,0,0,0,1,0,1,0,0,0,0,0,1,1,1,1,0
14,4,1,0,300,1,0,300,1,0,300,1,0,300,0,0,0,1,0,1,0,0,0,0,0,1,1,1,1,0
14,5,1,0,300,1,0,300,1,0,300,1,0,300,0,0,0,1,0,1,0,0,0,0,0,1,1,1,1,0
14,6,1,0,300,1,0,300,1,0,300,1,0,300,0,0,0,1,0,1,0,0,0,0,0,1,1,1,1,0
14,7,1,0,300,1,0,300,1,0,300,1,0,300,0,0,0,1,0,1,0,0,0,0,0,1,1,1,1,0
14,8,1,0,300,1,0,300,1,0,300,1,0,300,0,0,0,1,0,1,0,0,0,0,0,1,1,1,1,0
14,9,1,0,300,1,0,300,1,0,300,1,0,300,0,0,0,1,0,1,0,0,0,0,0,1,1,1,1,0
14,10,1,0,300,1,0,300,1,0,300,1,0,300,0,0,0,1,0,1,0,0,0,0,0,1,1,1,1,0
14,11,1,0,300,1,0,300,1,0,300,1,0,300,0,0,0,1,0,1,0,0,0,0,0,1,1,1,1,0
14,12,1,0,300,1,0,300,1,0,300,1,0,300,0,0,0,1,0,1,0,0,0,0,0,1,1,1,1,0
14,13,1,0,300,1,0,300,1,0,300,1,0,300,0,0,0,1,0,1,0,0,0,0,0,1,1,1,1,0
14,14,1,0,300,1,0,300,1,0,300,1,0,300,0,0,0,1,0,1,0,0,0,0,0,1,1,1,1,0
14,15,1,0,300,1,0,300,1,0,300,1,0,300,0,0,0,1,0,1,0,0,0,0,0,1,1,1,1,0
14,16,1,0,300,1,0,300,1,0,300,1,0,300,0,0,0,1,0,1,0,0,0,0,0,1,1,1,1,0
14,17,1,0,300,1,0,300,1,0,300,1,0,300,0,0,0,1,0,1,0,0,0,0,0,1,1,1,1,0
14,18,1,0,300,1,0,300,1,0,300,1,0,300,0,0,0,1,0,1,0,0,0,0,0,1,1,1,1,0
14,19,1,0,300,1,0,300,1,0,300,1,0,300,0,0,0,1,0,1,0,0,0,0,0,1,1,1,1,0
14,20,1,0,300,1,0,300,1,0,300,1,0,300,0,0,0,1,0,1,0,0,0,0,0,1,1,1,1,0
14,21,1,0,300,1,0,300,1,0,300,1,0,300,0,0,0,1,0,1,0,0,0,0,0,1,1,1,1,0
14,22,1,0,300,1,0,300,1,0,300,1,0,300,0,0,0,1,0,1,0,0,0,0,0,1,1,1,1,0
14,23,1,0,300,1,0,300,1,0,300,1,0,300,0,0,0,1,0,1,0,0,0,0,0,1,1,1,1,0
14,24,1,0,300,1,0,300,1,0,300,1,0,300,0,0,0,1,0,1,0,0,0,0,0,1,1,1,1,0
14,25,1,0,300,1,0,300,1,0,300,1,0,300,0,0,0,1,0,1,0,0,0,0,0,1,1,1,1,0
14,26,1,0,300,1,0,300,1,0,300,1,0,300,0,0,0,1,0,1,0,0,0,0,0,1,1,1,1,0
14,27,1,0,300,1,0,300,1,0,300,1,0,300,0,0,0,1,0,1,0,0,0,0,0,1,1,1,1,0
14,28,1,0,300,1,0,300,1,0,300,1,0,300,0,0,0,1,0,1,0,0,0,0,0,1,1,1,1,0
14,29,1,0,300,1,0,300,1,0,300,1,0,300,0,0,0,1,0,1,0,0,0,0,0,1,1,1,1,0
14,30,1,0,300,1,0,300,1,0,300,1,0,300,0,0,0,1,0,1,0,0,0,0,0,1,1,1,1,0
14,31,1,0,300,1,0,300,1,0,300,1,0,300,0,0,0,1,0,1,0,0,0,0,0,1,1,1,1,0
14,32,1,0,300,1,0,300,1,0,300,1,0,300,0,0,0,1,0,1,0,0,0,0,0,1,1,1,1,0
14,33,1,0,300,1,0,300,1,0,300,1,0,300,0,0,0,1,0,1,0,0,0,0,0,1,1,1,1,0
14,34,1,0,300,1,0,300,1,0,300,1,0,300,0,0,0,1,0,1,0,0,0,0,0,1,1,1,1,0
14,35,1,0,300,1,0,300,1,0,300,1,0,300,0,0,0,1,0,1,0,0,0,0,0,1,1,1,1,0
14,36,1,0,300,1,0,300,1,0,300,1,0,300,0,0,0,1,0,1,0,0,0,0,0,1,1,1,1,0
14,37,1,0,300,1,0,300,1,0,300,1,0,300,0,0,0,1,0,1,0,0,0,0,0,1,1,1,1,0
14,38,1,0,300,1,0,300,1,0,300,1,0,300,0,0,0,1,0,1,0,0,0,0,0,1,1,1,1,0
14,39,1,0,300,1,0,300,1,0,300,1,0,300,0,0,0,1,0,1,0,0,0,0,0,1,1,1,1,0
14,40,1,0,300,1,0,300,1,0,300,1,0,300,0,0,0,1,0,1,0,0,0,0,0,1,1,1,1,0
14,41,1,0,0,1,0,0,1,0,0,1,0,0,0,0,0,1,0,1,0,0,0,0,0,1,1,1,1,0
14,42,1,0,0,1,0,0,1,0,0,1,0,0,0,0,0,1,0,1,1,0,0,0,0,0,0,0,0,0
14,43,1,0,0,1,0,0,1,0,0,1,0,0,0,0,0,1,0,1,1,0,0,0,0,0,0,0,0,0
14,50,2,0,300,2,0,300,2,0,300,2,0,300,0,0,0,1,0,1,0,0,0,0,0,1,1,1,1,0
14,51,2,0,300,2,0,300,2,0,300,2,0,300,0,0,0,1,0,1,0,0,0,0,0,1,1,1,1,0
14,53,2,0,300,2,0,300,2,0,300,2,0,300,0,0,0,1,0,1,0,0,0,0,0,1,1,1,1,0
14,54,2,0,300,2,0,300,2,0,300,2,0,300,0,0,0,1,0,1,0,0,0,0,0,1,1,1,1,0
14,55,2,0,300,2,0,300,2,0,300,2,0,300,0,0,0,1,0,1,0,0,0,0,0,1,1,1,1,0
14,56,2,0,300,2,0,300,2,0,300,2,0,300,0,0,0,1,0,1,0,0,0,0,0,1,1,1,1,0
14,57,2,0,300,2,0,300,2,0,300,2,0,300,0,0,0,1,0,1,0,0,0,0,0,1,1,1,1,0
14,58,2,0,300,2,0,300,2,0,300,2,0,300,0,0,0,1,0,1,0,0,0,0,0,1,1,1,1,0
14,59,2,0,300,2,0,300,2,0,300,2,0,300,0,0,0,1,0,1,0,0,0,0,0,1,1,1,1,0
14,60,2,0,300,2,0,300,2,0,300,2,0,300,0,0,0,1,0,1,0,0,0,0,0,1,1,1,1,0
14,61,2,0,300,2,0,300,2,0,300,2,0,300,0,0,0,1,0,1,0,0,0,0,0,1,1,1,1,0
14,62,2,0,300,2,0,300,2,0,300,2,0,300,0,0,0,1,0,1,0,0,0,0,0,1,1,1,1,0
14,63,2,0,300,2,0,300,2,0,300,2,0,300,0,0,0,1,0,1,0,0,0,0,0,1,1,1,1,0
14,64,2,0,300,2,0,300,2,0,300,2,0,300,0,0,0,1,0,1,0,0,0,0,0,1,1,1,1,0
14,65,2,0,300,2,0,300,2,0,300,2,0,300,0,0,0,1,0,1,0,0,0,0,0,1,1,1,1,0
14,66,2,0,300,2,0,300,2,0,300,2,0,300,0,0,0,1,0,1,0,0,0,0,0,1,1,1,1,0
14,67,2,0,300,2,0,300,2,0,300,2,0,300,0,0,0,1,0,1,0,0,0,0,0,1,1,1,1,0
14,68,2,0,300,2,0,300,2,0,300,2,0,300,0,0,0,1,0,1,0,0,0,0,0,1,1,1,1,0
14,69,2,0,300,2,0,300,2,0,300,2,0,300,0,0,0,1,0,1,0,0,0,0,0,1,1,1,1,0
14,END,2,7100
15,BEGIN,2
15,1,1,1
15,2,1,1
15,3,1,1
15,4,1,1
15,5,1,1
15,6,1,1
15,7,1,1
15,8,1,1
15,9,1,1
15,10,1,1
15,11,1,1
15,12,1,1
15,13,1,1
15,14,1,1
15,15,1,1
15,16,1,1
15,17,1,1
15,18,1,1
15,19,1,1
15,20,1,1
15,21,1,1
15,22,1,1
15,23,1,1
15,24,1,1
15,25,1,1
15,26,1,1
15,27,1,1
15,28,1,1
15,29,1,1
15,30,1,1
15,31,1,1
15,32,1,1
15,33,1,1
15,34,1,1
15,35,1,1
15,36,1,1
15,37,1,1
15,38,1,1
15,39,1,1
15,40,1,1
15,41,1,1
15,42,1,1
15,43,1,1
15,44,1,1
15,45,1,1
15,46,1,1
15,47,1,1
15,48,1,1
15,49,1,1
15,50,1,1
15,51,1,1
15,52,1,1
15,53,1,1
15,54,1,1
15,55,1,1
15,56,1,1
15,57,1,1
15,58,1,1
15,59,1,1
15,60,1,1
15,61,1,1
15,62,1,1
15,63,1,1
15,64,1,1
15,65,1,1
15,66,1,1
15,67,1,1
15,68,1,1
15,69,1,1
15,70,1,1
15,71,1,1
15,72,1,1
15,73,1,1
15,74,1,1
15,75,1,1
15,76,1,1
15,77,1,1
15,78,1,1
15,79,1,1
15,80,1,1
15,81,1,1
15,82,1,1
15,83,1,1
15,84,1,1
15,85,1,1
15,86,1,1
15,87,1,1
15,88,1,1
15,89,1,1
15,90,1,1
15,91,1,1
15,92,1,1
15,93,1,1
15,94,1,1
15,95,1,1
15,96,1,1
15,97,1,1
15,98,1,1
15,99,1,1
15,100,1,1
15,101,1,1
15,102,1,1
15,103,1,1
15,104,1,1
15,105,1,1
15,106,1,1
15,107,1,1
15,108,1,1
15,109,1,1
15,110,1,1
15,111,1,1
15,112,1,1
15,113,1,1
15,114,1,1
15,115,1,1
15,116,1,1
15,117,1,1
15,118,1,1
15,119,1,1
15,120,1,1
15,121,1,1
15,122,1,1
15,123,1,1
15,124,1,1
15,125,1,1
15,126,1,1
15,131,1,1
15,132,1,1
15,133,1,1
15,134,1,1
15,END,2,59845
16,BEGIN,2
16,641,42,43,44,45,46,47,48,49,50,51,52,53,54,55,56,57,58,59,60,62,61,63,64,65,66,67,68,69,70,71,72,73,74,75,76,77,78,79,80,81,82,100,101,102,103,104,105,106,107,108,110,109,111,112,113,114,115,116,117,118,
16,642,90,93,94,96,98,
16,643,85,87,123,
16,644,100,101,110,104,
16,645,102,103,
16,646,105,106,
16,647,107,114,104,
16,648,108,103,
16,649,109,106,
16,650,111,103,117,
16,651,112,115,104,118,
16,652,106,113,118,
16,653,133,134,124,
16,654,644,645,646,647,648,649,650,651,652,
16,END,2,24361
40,BEGIN,2
40,0,255,0,20,0,0,0,0,0,0,0,0,0,0,0,0,0,0,0,0,0,0,0,0,0,0,
40,1,240,0,10,0,0,0,0,0,0,0,0,0,0,0,0,0,0,0,0,0,0,0,0,0,0,
40,2,240,0,40,0,0,0,0,0,0,0,0,0,0,0,0,0,0,0,0,0,0,0,0,0,0,
40,4,120,150,10,0,0,0,0,0,0,0,0,0,0,0,0,0,0,0,0,0,0,0,0,0,0,
40,5,101,300,10,0,0,0,0,0,0,0,0,0,0,0,0,0,0,0,0,0,0,0,0,0,0,
40,6,255,0,186,0,0,0,0,0,0,0,0,0,0,0,0,0,0,0,0,0,0,0,0,0,0,
40,7,255,0,184,0,0,0,0,0,0,0,0,0,0,0,0,0,0,0,0,0,0,0,0,0,0,
40,END,2,20205
60,BEGIN,2
60,0,0, 0, 0, 0, 0, 0, 0, 0, 0, 0, 0, 0, 0, 0, 0, 0, 
60,END,2,2886
154,BEGIN,2
154,641,1,2,3,4,5,6,7,8,9,10,11,12,14,15,16,17,18,19,20,21,22,23,24,25,26,27,28,29,30,31,32,33,34,35,36,37,38,39,40,41,
154,642,50,51,61,67,55,
154,643,1,2,3,4,5,6,53,54,
154,644,7,8,9,10,56,57,
154,645,11,12,26,58,65,55,67,
154,646,14,15,16,17,18,19,59,54,
154,647,20,21,22,23,24,25,60,57,
154,648,29,32,31,30,33,34,54,62,68,
154,649,27,28,41,63,66,67,55,69,
154,650,35,36,37,38,39,40,64,57,69,
154,651,50,51,53,54,55,56,57,58,59,60,61,62,63,64,65,66,67,68,69,
154,652,1,2,3,4,5,6,7,8,9,10,11,12,14,15,16,17,18,19,20,21,22,23,24,25,26,27,28,29,30,31,32,33,34,35,36,37,38,39,40,41,50,51,53,54,55,56,57,58,59,60,61,62,63,64,65,66,67,68,69,
154,END,2,32277
2,BEGIN,2
2,9,1,0,Panel Sounder 1        
2,9,1,1,Panel Sounder 1        
2,9,1,2,                       
2,9,1,3,                       
2,9,1,4,                       
2,9,2,0,Panel Sounder 2        
2,9,2,1,Panel Sounder 2        
2,9,2,2,                       
2,9,2,3,                       
2,9,2,4,                       
2,9,3,0,Panel Sounder 3        
2,9,3,1,Panel Sounder 3        
2,9,3,2,                       
2,9,3,3,                       
2,9,3,4,                       
2,9,4,0,Panel Sounder 4        
2,9,4,1,Panel Sounder 4        
2,9,4,2,                       
2,9,4,3,                       
2,9,4,4,                       
2,9,5,0,Panel Relay 1          
2,9,5,1,Panel Relay 1          
2,9,5,2,                       
2,9,5,3,                       
2,9,5,4,                       
2,9,6,0,Panel Relay 2          
2,9,6,1,Panel Relay 2          
2,9,6,2,                       
2,9,6,3,                       
2,9,6,4,                       
2,9,7,0,Fault Relay            
2,9,7,1,Fault Relay            
2,9,7,2,                       
2,9,7,3,                       
2,9,7,4,                       
2,9,8,0,PSU                    
2,9,8,1,PSU                    
2,9,8,2,                       
2,9,8,3,                       
2,9,8,4,                       
2,9,9,0,Mon IP 1               
2,9,9,1,Mon IP 1               
2,9,9,2,                       
2,9,9,3,                       
2,9,9,4,                       
2,9,10,0,Mon IP 2               
2,9,10,1,Mon IP 2               
2,9,10,2,                       
2,9,10,3,                       
2,9,10,4,                       
2,9,11,0,Earth Fault            
2,9,11,1,Earth Fault            
2,9,11,2,                       
2,9,11,3,                       
2,9,11,4,                       
2,9,12,0,Aux 24V Fuse           
2,9,12,1,Aux 24V Fuse           
2,9,12,2,                       
2,9,12,3,                       
2,9,12,4,                       
2,9,13,0,Keyswitch              
2,9,13,1,Keyswitch              
2,9,13,2,                       
2,9,13,3,                       
2,9,13,4,                       
2,9,14,0,Fault Buzzer           
2,9,14,1,Fault Buzzer           
2,9,14,2,                       
2,9,14,3,                       
2,9,14,4,                       
2,9,15,0,Event Log              
2,9,15,1,Event Log              
2,9,15,2,                       
2,9,15,3,                       
2,9,15,4,                       
2,9,16,0,Panel Device           
2,9,16,1,Panel Device           
2,9,16,2,                       
2,9,16,3,                       
2,9,16,4,                       
2,9,17,0,Touch Panel            
2,9,17,1,Touch Panel            
2,9,17,2,                       
2,9,17,3,                       
2,9,17,4,                       
2,9,18,0,Zonal LED              
2,9,18,1,Zonal LED              
2,9,18,2,                       
2,9,18,3,                       
2,9,18,4,                       
2,9,19,0,Zonal LED              
2,9,19,1,Zonal LED              
2,9,19,2,                       
2,9,19,3,                       
2,9,19,4,                       
2,1,1,0,OFFICE                 
2,1,1,1,OFFICE                 
2,1,1,2,OFFICE                 
2,1,1,3,                       
2,1,1,4,                       
2,1,2,0,WC BY LIFT             
2,1,2,1,Loop 1-   Device     2/1
2,1,2,2,WC BY LIFT             
2,1,2,3,                       
2,1,2,4,                       
2,1,3,0,CORRIDOR BY FLAT 2     
2,1,3,1,CORRIDOR BY FLAT 2     
2,1,3,2,CORRIDOR BY FLAT 2     
2,1,3,3,                       
2,1,3,4,                       
2,1,4,0,CORRIDOR BY FLAT 2     
2,1,4,1,CORRIDOR BY FLAT 2     
2,1,4,2,CORRIDOR BY FLAT 2     
2,1,4,3,                       
2,1,4,4,                       
2,1,5,0,FLAT 5 CUPBOARD 1      
2,1,5,1,FLAT 5 CUPBOARD 1      
2,1,5,2,FLAT 5 CUPBOARD 1      
2,1,5,3,                       
2,1,5,4,                       
2,1,6,0,FLAT 5 CUPBOARD 2      
2,1,6,1,FLAT 5 CUPBOARD 2      
2,1,6,2,FLAT 5 CUPBOARD 2      
2,1,6,3,                       
2,1,6,4,                       
2,1,7,0,FLAT 5 LOUNGE          
2,1,7,1,FLAT 5 LOUNGE          
2,1,7,2,FLAT 5 LOUNGE          
2,1,7,3,                       
2,1,7,4,                       
2,1,8,0,FLAT 5 LOUNGE          
2,1,8,1,Loop 1-   Device     8/1
2,1,8,2,FLAT 5 LOUNGE          
2,1,8,3,                       
2,1,8,4,                       
2,1,9,0,FLAT 5 BEDROOM 1       
2,1,9,1,FLAT 5 BEDROOM 1       
2,1,9,2,FLAT 5 BEDROOM 1       
2,1,9,3,                       
2,1,9,4,                       
2,1,10,0,FLAT 5 BEDROOM 1       
2,1,10,1,Loop 1-   Device    10/1
2,1,10,2,FLAT 5 BEDROOM 1       
2,1,10,3,                       
2,1,10,4,                       
2,1,11,0,FLAT 5 BEDROOM 2       
2,1,11,1,FLAT 5 BEDROOM 2       
2,1,11,2,FLAT 5 BEDROOM 2       
2,1,11,3,                       
2,1,11,4,                       
2,1,12,0,FLAT 5 BEDROOM 2       
2,1,12,1,Loop 1-   Device    12/1
2,1,12,2,FLAT 5 BEDROOM 2       
2,1,12,3,                       
2,1,12,4,                       
2,1,13,0,FLAT 5 ENTRANCE        
2,1,13,1,FLAT 5 ENTRANCE        
2,1,13,2,FLAT 5 ENTRANCE        
2,1,13,3,                       
2,1,13,4,                       
2,1,14,0,FLAT 5 ENTRANCE        
2,1,14,1,Loop 1-   Device    14/1
2,1,14,2,FLAT 5 ENTRANCE        
2,1,14,3,                       
2,1,14,4,                       
2,1,15,0,FLAT 5 CUPBOARD 1      
2,1,15,1,Loop 1-   Device    15/1
2,1,15,2,Loop 1-   Device    15/2
2,1,15,3,Loop 1-   Device    15/3
2,1,15,4,FLAT 5 CUPBOARD 1      
2,1,16,0,GROUND FLOOR EXIT      
2,1,16,1,GROUND FLOOR EXIT      
2,1,16,2,                       
2,1,16,3,                       
2,1,16,4,                       
2,1,17,0,GROUND FLOOR LANDING   
2,1,17,1,GROUND FLOOR LANDING   
2,1,17,2,GROUND FLOOR LANDING   
2,1,17,3,                       
2,1,17,4,                       
2,1,18,0,GROUND FLOOR LANDING   
2,1,18,1,GROUND FLOOR LANDING   
2,1,18,2,GROUND FLOOR LANDING   
2,1,18,3,                       
2,1,18,4,                       
2,1,19,0,CORRIDOR BY FLAT 3/4   
2,1,19,1,CORRIDOR BY FLAT 3/4   
2,1,19,2,CORRIDOR BY FLAT 3/4   
2,1,19,3,                       
2,1,19,4,                       
2,1,20,0,FLAT 3 CUPBOARD 1      
2,1,20,1,Loop 1-   Device    20/1
2,1,20,2,Loop 1-   Device    20/2
2,1,20,3,Loop 1-   Device    20/3
2,1,20,4,FLAT 3 CUPBOARD 1      
2,1,21,0,FLAT 3 ENTRANCE        
2,1,21,1,FLAT 3 ENTRANCE        
2,1,21,2,FLAT 3 ENTRANCE        
2,1,21,3,                       
2,1,21,4,                       
2,1,22,0,FLAT 3 ENTRANCE        
2,1,22,1,Loop 1-   Device    22/1
2,1,22,2,FLAT 3 ENTRANCE        
2,1,22,3,                       
2,1,22,4,                       
2,1,23,0,FLAT 3 BEDROOM 2       
2,1,23,1,FLAT 3 BEDROOM 2       
2,1,23,2,FLAT 3 BEDROOM 2       
2,1,23,3,                       
2,1,23,4,                       
2,1,24,0,FLAT 3 BEDROOM 2       
2,1,24,1,Loop 1-   Device    24/1
2,1,24,2,FLAT 3 BEDROOM 2       
2,1,24,3,                       
2,1,24,4,                       
2,1,25,0,FLAT 3 BEDROOM 1       
2,1,25,1,FLAT 3 BEDROOM 1       
2,1,25,2,FLAT 3 BEDROOM 1       
2,1,25,3,                       
2,1,25,4,                       
2,1,26,0,FLAT 3 BEDROOM 1       
2,1,26,1,Loop 1-   Device    26/1
2,1,26,2,FLAT 3 BEDROOM 1       
2,1,26,3,                       
2,1,26,4,                       
2,1,27,0,FLAT 3 LOUNGE          
2,1,27,1,FLAT 3 LOUNGE          
2,1,27,2,FLAT 3 LOUNGE          
2,1,27,3,                       
2,1,27,4,                       
2,1,28,0,FLAT 3 LOUNGE          
2,1,28,1,Loop 1-   Device    28/1
2,1,28,2,FLAT 3 LOUNGE          
2,1,28,3,                       
2,1,28,4,                       
2,1,29,0,FLAT 3 CUPBOARD 2      
2,1,29,1,FLAT 3 CUPBOARD 2      
2,1,29,2,FLAT 3 CUPBOARD 2      
2,1,29,3,                       
2,1,29,4,                       
2,1,30,0,FLAT 3 CUPBOARD 1      
2,1,30,1,FLAT 3 CUPBOARD 1      
2,1,30,2,FLAT 3 CUPBOARD 1      
2,1,30,3,                       
2,1,30,4,                       
2,1,31,0,CORRIDOR BY FLAT 3/4   
2,1,31,1,CORRIDOR BY FLAT 3/4   
2,1,31,2,CORRIDOR BY FLAT 3/4   
2,1,31,3,                       
2,1,31,4,                       
2,1,32,0,CORRDIOR BY FLAT 3/4   
2,1,32,1,CORRDIOR BY FLAT 3/4   
2,1,32,2,CORRDIOR BY FLAT 3/4   
2,1,32,3,                       
2,1,32,4,                       
2,1,33,0,EXIT BY FLAT 3/4       
2,1,33,1,EXIT BY FLAT 3/4       
2,1,33,2,                       
2,1,33,3,                       
2,1,33,4,                       
2,1,34,0,FLAT 4 CUPBOARD 1      
2,1,34,1,FLAT 4 CUPBOARD 1      
2,1,34,2,FLAT 4 CUPBOARD 1      
2,1,34,3,                       
2,1,34,4,                       
2,1,35,0,FLAT 4 BEDROOM 2       
2,1,35,1,FLAT 4 BEDROOM 2       
2,1,35,2,FLAT 4 BEDROOM 2       
2,1,35,3,                       
2,1,35,4,                       
2,1,36,0,FLAT 4 BEDROOM 2       
2,1,36,1,Loop 1-   Device    36/1
2,1,36,2,FLAT 4 BEDROOM 2       
2,1,36,3,                       
2,1,36,4,                       
2,1,37,0,FLAT 4 BEDROOM 1       
2,1,37,1,FLAT 4 BEDROOM 1       
2,1,37,2,FLAT 4 BEDROOM 1       
2,1,37,3,                       
2,1,37,4,                       
2,1,38,0,FLAT 4 BEDROOM 1       
2,1,38,1,Loop 1-   Device    38/1
2,1,38,2,FLAT 4 BEDROOM 1       
2,1,38,3,                       
2,1,38,4,                       
2,1,39,0,FLAT 4 LOUNGE          
2,1,39,1,FLAT 4 LOUNGE          
2,1,39,2,FLAT 4 LOUNGE          
2,1,39,3,                       
2,1,39,4,                       
2,1,40,0,FLAT 4 LOUNGE          
2,1,40,1,Loop 1-   Device    40/1
2,1,40,2,FLAT 4 LOUNGE          
2,1,40,3,                       
2,1,40,4,                       
2,1,41,0,FLAT 4 CUPBOARD 2      
2,1,41,1,FLAT 4 CUPBOARD 2      
2,1,41,2,FLAT 4 CUPBOARD 2      
2,1,41,3,                       
2,1,41,4,                       
2,1,42,0,FLAT 4 ENTRANCE        
2,1,42,1,FLAT 4 ENTRANCE        
2,1,42,2,FLAT 4 ENTRANCE        
2,1,42,3,                       
2,1,42,4,                       
2,1,43,0,FLAT 4 ENTRANCE        
2,1,43,1,Loop 1-   Device    43/1
2,1,43,2,FLAT 4 ENTRANCE        
2,1,43,3,                       
2,1,43,4,                       
2,1,44,0,FLAT 4 CUPBOARD 1      
2,1,44,1,Loop 1-   Device    44/1
2,1,44,2,Loop 1-   Device    44/2
2,1,44,3,Loop 1-   Device    44/3
2,1,44,4,FLAT 4 CUPBOARD 1      
2,1,45,0,FLAT 2 CUPBOARD 1      
2,1,45,1,FLAT 2 CUPBOARD 1      
2,1,45,2,FLAT 2 CUPBOARD 1      
2,1,45,3,                       
2,1,45,4,                       
2,1,46,0,FLAT 2 ENTRANCE        
2,1,46,1,FLAT 2 ENTRANCE        
2,1,46,2,FLAT 2 ENTRANCE        
2,1,46,3,                       
2,1,46,4,                       
2,1,47,0,FLAT 2 ENTRANCE        
2,1,47,1,Loop 1-   Device    47/1
2,1,47,2,FLAT 2 ENTRANCE        
2,1,47,3,                       
2,1,47,4,                       
2,1,48,0,FLAT 2 BEDROOM 2       
2,1,48,1,FLAT 2 BEDROOM 2       
2,1,48,2,FLAT 2 BEDROOM 2       
2,1,48,3,                       
2,1,48,4,                       
2,1,49,0,FLAT 2 BEDROOM 2       
2,1,49,1,Loop 1-   Device    49/1
2,1,49,2,FLAT 2 BEDROOM 2       
2,1,49,3,                       
2,1,49,4,                       
2,1,50,0,FLAT 2 BEDROOM 1       
2,1,50,1,FLAT 2 BEDROOM 1       
2,1,50,2,FLAT 2 BEDROOM 1       
2,1,50,3,                       
2,1,50,4,                       
2,1,51,0,FLAT 2 BEDROOM 1       
2,1,51,1,Loop 1-   Device    51/1
2,1,51,2,FLAT 2 BEDROOM 1       
2,1,51,3,                       
2,1,51,4,                       
2,1,52,0,FLAT 2 LOUNGE          
2,1,52,1,FLAT 2 LOUNGE          
2,1,52,2,FLAT 2 LOUNGE          
2,1,52,3,                       
2,1,52,4,                       
2,1,53,0,FLAT 2 LOUNGE          
2,1,53,1,Loop 1-   Device    53/1
2,1,53,2,FLAT 2 LOUNGE          
2,1,53,3,                       
2,1,53,4,                       
2,1,54,0,FLAT 2 CUPBOARD 2      
2,1,54,1,FLAT 2 CUPBOARD 2      
2,1,54,2,FLAT 2 CUPBOARD 2      
2,1,54,3,                       
2,1,54,4,                       
2,1,55,0,FLAT 2 CUPBOARD 1      
2,1,55,1,Loop 1-   Device    55/1
2,1,55,2,Loop 1-   Device    55/2
2,1,55,3,Loop 1-   Device    55/3
2,1,55,4,FLAT 2 CUPBOARD 1      
2,1,56,0,FLAT 6 CUPBOARD 1      
2,1,56,1,Loop 1-   Device    56/1
2,1,56,2,Loop 1-   Device    56/2
2,1,56,3,Loop 1-   Device    56/3
2,1,56,4,FLAT 6 CUPBOARD 1      
2,1,57,0,FLAT 6 ENTRANCE        
2,1,57,1,FLAT 6 ENTRANCE        
2,1,57,2,FLAT 6 ENTRANCE        
2,1,57,3,                       
2,1,57,4,                       
2,1,58,0,FLAT 6 ENTRANCE        
2,1,58,1,Loop 1-   Device    58/1
2,1,58,2,FLAT 6 ENTRANCE        
2,1,58,3,                       
2,1,58,4,                       
2,1,59,0,FLAT 6 BEDROOM 2       
2,1,59,1,FLAT 6 BEDROOM 2       
2,1,59,2,FLAT 6 BEDROOM 2       
2,1,59,3,                       
2,1,59,4,                       
2,1,60,0,FLAT 6 BEDROOM 2       
2,1,60,1,Loop 1-   Device    60/1
2,1,60,2,FLAT 6 BEDROOM 2       
2,1,60,3,                       
2,1,60,4,                       
2,1,61,0,FLAT 6 BEDROOM 1       
2,1,61,1,FLAT 6 BEDROOM 1       
2,1,61,2,FLAT 6 BEDROOM 1       
2,1,61,3,                       
2,1,61,4,                       
2,1,62,0,FLAT 6 BEDROOM 1       
2,1,62,1,Loop 1-   Device    62/1
2,1,62,2,FLAT 6 BEDROOM 1       
2,1,62,3,                       
2,1,62,4,                       
2,1,63,0,FLAT 6 LOUNGE          
2,1,63,1,FLAT 6 LOUNGE          
2,1,63,2,FLAT 6 LOUNGE          
2,1,63,3,                       
2,1,63,4,                       
2,1,64,0,FLAT 6 LOUNGE          
2,1,64,1,Loop 1-   Device    64/1
2,1,64,2,FLAT 6 LOUNGE          
2,1,64,3,                       
2,1,64,4,                       
2,1,65,0,FLAT 6 CUPBOARD 2      
2,1,65,1,FLAT 6 CUPBOARD 2      
2,1,65,2,FLAT 6 CUPBOARD 2      
2,1,65,3,                       
2,1,65,4,                       
2,1,70,0,FLAT 6 CUPBOARD 1      
2,1,70,1,FLAT 6 CUPBOARD 1      
2,1,70,2,FLAT 6 CUPBOARD 1      
2,1,70,3,                       
2,1,70,4,                       
2,1,71,0,CORRDOR BY FLAT 1/6    
2,1,71,1,CORRDOR BY FLAT 1/6    
2,1,71,2,CORRDOR BY FLAT 1/6    
2,1,71,3,                       
2,1,71,4,                       
2,1,72,0,CORRIDOR BY FLAT 1/6   
2,1,72,1,CORRIDOR BY FLAT 1/6   
2,1,72,2,CORRIDOR BY FLAT 1/6   
2,1,72,3,                       
2,1,72,4,                       
2,1,73,0,FLAT 1 CUPBOARD 1      
2,1,73,1,Loop 1-   Device    73/1
2,1,73,2,Loop 1-   Device    73/2
2,1,73,3,Loop 1-   Device    73/3
2,1,73,4,FLAT 1 CUPBOARD 1      
2,1,74,0,FLAT 1 CUPBOARD 2      
2,1,74,1,FLAT 1 CUPBOARD 2      
2,1,74,2,FLAT 1 CUPBOARD 2      
2,1,74,3,                       
2,1,74,4,                       
2,1,75,0,FLAT 1 LOUNGE          
2,1,75,1,FLAT 1 LOUNGE          
2,1,75,2,FLAT 1 LOUNGE          
2,1,75,3,                       
2,1,75,4,                       
2,1,76,0,FLAT 1 LOUNGE          
2,1,76,1,Loop 1-   Device    76/1
2,1,76,2,FLAT 1 LOUNGE          
2,1,76,3,                       
2,1,76,4,                       
2,1,77,0,FLAT 1 BEDROOM 2       
2,1,77,1,FLAT 1 BEDROOM 2       
2,1,77,2,FLAT 1 BEDROOM 2       
2,1,77,3,                       
2,1,77,4,                       
2,1,78,0,FLAT 1 BEDROOM 2       
2,1,78,1,Loop 1-   Device    78/1
2,1,78,2,FLAT 1 BEDROOM 2       
2,1,78,3,                       
2,1,78,4,                       
2,1,79,0,FLAT 1 BEDROOM 1       
2,1,79,1,FLAT 1 BEDROOM 1       
2,1,79,2,FLAT 1 BEDROOM 1       
2,1,79,3,                       
2,1,79,4,                       
2,1,80,0,FLAT 1 BEDROOM 1       
2,1,80,1,Loop 1-   Device    80/1
2,1,80,2,FLAT 1 BEDROOM 1       
2,1,80,3,                       
2,1,80,4,                       
2,1,81,0,FLAT 1 ENTRANCE        
2,1,81,1,FLAT 1 ENTRANCE        
2,1,81,2,FLAT 1 ENTRANCE        
2,1,81,3,                       
2,1,81,4,                       
2,1,82,0,FLAT 1 ENTRANCE        
2,1,82,1,Loop 1-   Device    82/1
2,1,82,2,FLAT 1 ENTRANCE        
2,1,82,3,                       
2,1,82,4,                       
2,1,83,0,FLAT 1 CUPBOARD 1      
2,1,83,1,FLAT 1 CUPBOARD 1      
2,1,83,2,FLAT 1 CUPBOARD 1      
2,1,83,3,                       
2,1,83,4,                       
2,1,84,0,OFFICE                 
2,1,84,1,OFFICE                 
2,1,84,2,OFFICE                 
2,1,84,3,                       
2,1,84,4,                       
2,1,85,0,OFFICE                 
2,1,85,1,Loop 1-   Device    85/1
2,1,85,2,OFFICE                 
2,1,85,3,                       
2,1,85,4,                       
2,1,86,0,OFFICE                 
2,1,86,1,OFFICE                 
2,1,86,2,OFFICE                 
2,1,86,3,                       
2,1,86,4,                       
2,1,100,0,EXTERNAL BY NORTH STAIR
2,1,100,1,EXTERNAL BY NORTH STAIR
2,1,100,2,EXTERNAL BY NORTH STAIR
2,1,100,3,                       
2,1,100,4,                       
2,2,1,0,PLANT ROOM             
2,2,1,1,DOOR HOLDERS           
2,2,1,2,PLANT ROOM             
2,2,1,3,PLANT ROOM             
2,2,1,4,PLANT ROOM             
2,2,2,0,PLANT ROOM             
2,2,2,1,Door Access            
2,2,2,2,PLANT ROOM             
2,2,2,3,PLANT ROOM             
2,2,2,4,PLANT ROOM             
2,2,3,0,PLANT ROOM EXIT        
2,2,3,1,PLANT ROOM EXIT        
2,2,3,2,                       
2,2,3,3,                       
2,2,3,4,                       
2,2,4,0,EXIT BY LIFT           
2,2,4,1,EXIT BY LIFT           
2,2,4,2,                       
2,2,4,3,                       
2,2,4,4,                       
2,2,5,0,1ST FLOOR LANDING      
2,2,5,1,1ST FLOOR LANDING      
2,2,5,2,1ST FLOOR LANDING      
2,2,5,3,                       
2,2,5,4,                       
2,2,6,0,CORRIDOR BY LIFT       
2,2,6,1,CORRIDOR BY LIFT       
2,2,6,2,CORRIDOR BY LIFT       
2,2,6,3,                       
2,2,6,4,                       
2,2,7,0,STORE BY LIFT          
2,2,7,1,STORE BY LIFT          
2,2,7,2,STORE BY LIFT          
2,2,7,3,                       
2,2,7,4,                       
2,2,8,0,CORRIDOR BY FLATS 14/19
2,2,8,1,CORRIDOR BY FLATS 14/19
2,2,8,2,CORRIDOR BY FLATS 14/19
2,2,8,3,                       
2,2,8,4,                       
2,2,9,0,CORRIDOR BY FLATS 14/19
2,2,9,1,CORRIDOR BY FLATS 14/19
2,2,9,2,CORRIDOR BY FLATS 14/19
2,2,9,3,                       
2,2,9,4,                       
2,2,10,0,FLAT 15 CUPBOARD 1     
2,2,10,1,Loop 2-   Device    10/1
2,2,10,2,Loop 2-   Device    10/2
2,2,10,3,Loop 2-   Device    10/3
2,2,10,4,FLAT 15 CUPBOARD 1     
2,2,11,0,FLAT 15 CUPBOARD 2     
2,2,11,1,FLAT 15 CUPBOARD 2     
2,2,11,2,FLAT 15 CUPBOARD 2     
2,2,11,3,                       
2,2,11,4,                       
2,2,12,0,FLAT 15 LOUNGE         
2,2,12,1,FLAT 15 LOUNGE         
2,2,12,2,FLAT 15 LOUNGE         
2,2,12,3,                       
2,2,12,4,                       
2,2,13,0,FLAT 15 LOUNGE         
2,2,13,1,Loop 2-   Device    13/1
2,2,13,2,FLAT 15 LOUNGE         
2,2,13,3,                       
2,2,13,4,                       
2,2,14,0,FLAT 15 BEDROOM 2      
2,2,14,1,FLAT 15 BEDROOM 2      
2,2,14,2,FLAT 15 BEDROOM 2      
2,2,14,3,                       
2,2,14,4,                       
2,2,15,0,FLAT 15 BEDROOM 2      
2,2,15,1,Loop 2-   Device    15/1
2,2,15,2,FLAT 15 BEDROOM 2      
2,2,15,3,                       
2,2,15,4,                       
2,2,16,0,FLAT 15 BEDROOM 1      
2,2,16,1,FLAT 15 BEDROOM 1      
2,2,16,2,FLAT 15 BEDROOM 1      
2,2,16,3,                       
2,2,16,4,                       
2,2,17,0,FLAT 15 BEDROOM 1      
2,2,17,1,Loop 2-   Device    17/1
2,2,17,2,FLAT 15 BEDROOM 1      
2,2,17,3,                       
2,2,17,4,                       
2,2,18,0,FLAT 15 ENTRANCE       
2,2,18,1,FLAT 15 ENTRANCE       
2,2,18,2,FLAT 15 ENTRANCE       
2,2,18,3,                       
2,2,18,4,                       
2,2,19,0,FLAT 15 ENTRANCE       
2,2,19,1,Loop 2-   Device    19/1
2,2,19,2,FLAT 15 ENTRANCE       
2,2,19,3,                       
2,2,19,4,                       
2,2,20,0,FLAT 15 CUPBOARD 1     
2,2,20,1,FLAT 15 CUPBOARD 1     
2,2,20,2,FLAT 15 CUPBOARD 1     
2,2,20,3,                       
2,2,20,4,                       
2,2,21,0,EXIT BY FLAT 17        
2,2,21,1,EXIT BY FLAT 17        
2,2,21,2,                       
2,2,21,3,                       
2,2,21,4,                       
2,2,22,0,1ST FLOOR LANDING      
2,2,22,1,1ST FLOOR LANDING      
2,2,22,2,1ST FLOOR LANDING      
2,2,22,3,                       
2,2,22,4,                       
2,2,23,0,FLAT 17 CUPBOARD 1     
2,2,23,1,Loop 2-   Device    23/1
2,2,23,2,Loop 2-   Device    23/2
2,2,23,3,Loop 2-   Device    23/3
2,2,23,4,FLAT 17 CUPBOARD 1     
2,2,24,0,FLAT 17 CUPBOARD 2     
2,2,24,1,FLAT 17 CUPBOARD 2     
2,2,24,2,FLAT 17 CUPBOARD 2     
2,2,24,3,                       
2,2,24,4,                       
2,2,25,0,FLAT 17 LOUNGE         
2,2,25,1,FLAT 17 LOUNGE         
2,2,25,2,FLAT 17 LOUNGE         
2,2,25,3,                       
2,2,25,4,                       
2,2,26,0,FLAT 17 LOUNGE         
2,2,26,1,Loop 2-   Device    26/1
2,2,26,2,FLAT 17 LOUNGE         
2,2,26,3,                       
2,2,26,4,                       
2,2,27,0,FLAT 17 BEDROOM 2      
2,2,27,1,FLAT 17 BEDROOM 2      
2,2,27,2,FLAT 17 BEDROOM 2      
2,2,27,3,                       
2,2,27,4,                       
2,2,28,0,FLAT 17 BEDROOM 2      
2,2,28,1,Loop 2-   Device    28/1
2,2,28,2,FLAT 17 BEDROOM 2      
2,2,28,3,                       
2,2,28,4,                       
2,2,29,0,FLAT 17 BEDROOM 1      
2,2,29,1,FLAT 17 BEDROOM 1      
2,2,29,2,FLAT 17 BEDROOM 1      
2,2,29,3,                       
2,2,29,4,                       
2,2,30,0,FLAT 17 BEDROOM 1      
2,2,30,1,Loop 2-   Device    30/1
2,2,30,2,FLAT 17 BEDROOM 1      
2,2,30,3,                       
2,2,30,4,                       
2,2,31,0,FLAT 17 ENTRANCE       
2,2,31,1,FLAT 17 ENTRANCE       
2,2,31,2,FLAT 17 ENTRANCE       
2,2,31,3,                       
2,2,31,4,                       
2,2,32,0,FLAT 17 ENTRANCE       
2,2,32,1,Loop 2-   Device    32/1
2,2,32,2,FLAT 17 ENTRANCE       
2,2,32,3,                       
2,2,32,4,                       
2,2,33,0,FLAT 17 CUPBOARD 1     
2,2,33,1,FLAT 17 CUPBOARD 1     
2,2,33,2,FLAT 17 CUPBOARD 1     
2,2,33,3,                       
2,2,33,4,                       
2,2,34,0,CORRIDOR BY FLAT 17    
2,2,34,1,CORRIDOR BY FLAT 17    
2,2,34,2,CORRIDOR BY FLAT 17    
2,2,34,3,                       
2,2,34,4,                       
2,2,35,0,CORRIDOR BY FLAT 17    
2,2,35,1,CORRIDOR BY FLAT 17    
2,2,35,2,CORRIDOR BY FLAT 17    
2,2,35,3,                       
2,2,35,4,                       
2,2,36,0,FLAT 16 CUPBOARD 1     
2,2,36,1,Loop 2-   Device    36/1
2,2,36,2,Loop 2-   Device    36/2
2,2,36,3,Loop 2-   Device    36/3
2,2,36,4,FLAT 16 CUPBOARD 1     
2,2,37,0,FLAT 16 ENTRANCE       
2,2,37,1,FLAT 16 ENTRANCE       
2,2,37,2,FLAT 16 ENTRANCE       
2,2,37,3,                       
2,2,37,4,                       
2,2,38,0,FLAT 16 ENTRANCE       
2,2,38,1,Loop 2-   Device    38/1
2,2,38,2,FLAT 16 ENTRANCE       
2,2,38,3,                       
2,2,38,4,                       
2,2,39,0,FLAT 16 BEDROOM 1      
2,2,39,1,FLAT 16 BEDROOM 1      
2,2,39,2,FLAT 16 BEDROOM 1      
2,2,39,3,                       
2,2,39,4,                       
2,2,40,0,FLAT 16 BEDROOM 1      
2,2,40,1,Loop 2-   Device    40/1
2,2,40,2,FLAT 16 BEDROOM 1      
2,2,40,3,                       
2,2,40,4,                       
2,2,41,0,FLAT 16 BEDROOM 2      
2,2,41,1,FLAT 16 BEDROOM 2      
2,2,41,2,FLAT 16 BEDROOM 2      
2,2,41,3,                       
2,2,41,4,                       
2,2,42,0,FLAT 16 BEDROOM 2      
2,2,42,1,Loop 2-   Device    42/1
2,2,42,2,FLAT 16 BEDROOM 2      
2,2,42,3,                       
2,2,42,4,                       
2,2,43,0,FLAT 16 LOUNGE         
2,2,43,1,FLAT 16 LOUNGE         
2,2,43,2,FLAT 16 LOUNGE         
2,2,43,3,                       
2,2,43,4,                       
2,2,44,0,FLAT 16 LOUNGE         
2,2,44,1,Loop 2-   Device    44/1
2,2,44,2,FLAT 16 LOUNGE         
2,2,44,3,                       
2,2,44,4,                       
2,2,45,0,FLAT 16 CUPBOARD 2     
2,2,45,1,FLAT 16 CUPBOARD 2     
2,2,45,2,FLAT 16 CUPBOARD 2     
2,2,45,3,                       
2,2,45,4,                       
2,2,46,0,FLAT 16 CUPBOARD 1     
2,2,46,1,FLAT 16 CUPBOARD 1     
2,2,46,2,FLAT 16 CUPBOARD 1     
2,2,46,3,                       
2,2,46,4,                       
2,2,47,0,CORRIDOR BY FLAT 16    
2,2,47,1,CORRIDOR BY FLAT 16    
2,2,47,2,CORRIDOR BY FLAT 16    
2,2,47,3,                       
2,2,47,4,                       
2,2,48,0,CORRIDOR BY FLAT 15    
2,2,48,1,CORRIDOR BY FLAT 15    
2,2,48,2,CORRIDOR BY FLAT 15    
2,2,48,3,                       
2,2,48,4,                       
2,2,49,0,CORRIDOR BY FLAT 15    
2,2,49,1,CORRIDOR BY FLAT 15    
2,2,49,2,CORRIDOR BY FLAT 15    
2,2,49,3,                       
2,2,49,4,                       
2,2,50,0,FLAT 18 CUPBOARD 1     
2,2,50,1,FLAT 18 CUPBOARD 1     
2,2,50,2,FLAT 18 CUPBOARD 1     
2,2,50,3,                       
2,2,50,4,                       
2,2,51,0,FLAT 18 CUPBOARD 2     
2,2,51,1,FLAT 18 CUPBOARD 2     
2,2,51,2,FLAT 18 CUPBOARD 2     
2,2,51,3,                       
2,2,51,4,                       
2,2,52,0,FLAT 18 LOUNGE         
2,2,52,1,FLAT 18 LOUNGE         
2,2,52,2,FLAT 18 LOUNGE         
2,2,52,3,                       
2,2,52,4,                       
2,2,53,0,FLAT 18 LOUNGE         
2,2,53,1,Loop 2-   Device    53/1
2,2,53,2,FLAT 18 LOUNGE         
2,2,53,3,                       
2,2,53,4,                       
2,2,54,0,FLAT 18 BEDROOM 2      
2,2,54,1,FLAT 18 BEDROOM 2      
2,2,54,2,FLAT 18 BEDROOM 2      
2,2,54,3,                       
2,2,54,4,                       
2,2,55,0,FLAT 18 BEDROOM 2      
2,2,55,1,Loop 2-   Device    55/1
2,2,55,2,FLAT 18 BEDROOM 2      
2,2,55,3,                       
2,2,55,4,                       
2,2,56,0,FLAT 18 BEDROOM 1      
2,2,56,1,FLAT 18 BEDROOM 1      
2,2,56,2,FLAT 18 BEDROOM 1      
2,2,56,3,                       
2,2,56,4,                       
2,2,57,0,FLAT 18 BEDROOM 1      
2,2,57,1,Loop 2-   Device    57/1
2,2,57,2,FLAT 18 BEDROOM 1      
2,2,57,3,                       
2,2,57,4,                       
2,2,58,0,FLAT 18 ENTRANCE       
2,2,58,1,FLAT 18 ENTRANCE       
2,2,58,2,FLAT 18 ENTRANCE       
2,2,58,3,                       
2,2,58,4,                       
2,2,59,0,FLAT 18 ENTRANCE       
2,2,59,1,Loop 2-   Device    59/1
2,2,59,2,FLAT 18 ENTRANCE       
2,2,59,3,                       
2,2,59,4,                       
2,2,60,0,FLAT 18 CUPBOARD 1     
2,2,60,1,Loop 2-   Device    60/1
2,2,60,2,Loop 2-   Device    60/2
2,2,60,3,Loop 2-   Device    60/3
2,2,60,4,FLAT 18 CUPBOARD 1     
2,2,61,0,FLAT 19 CUPBOARD 1     
2,2,61,1,Loop 2-   Device    61/1
2,2,61,2,Loop 2-   Device    61/2
2,2,61,3,Loop 2-   Device    61/3
2,2,61,4,FLAT 19 CUPBOARD 1     
2,2,62,0,FLAT 19 ENTRANCE       
2,2,62,1,FLAT 19 ENTRANCE       
2,2,62,2,FLAT 19 ENTRANCE       
2,2,62,3,                       
2,2,62,4,                       
2,2,63,0,FLAT 19 ENTRANCE       
2,2,63,1,Loop 2-   Device    63/1
2,2,63,2,FLAT 19 ENTRANCE       
2,2,63,3,                       
2,2,63,4,                       
2,2,64,0,FLAT 19 BEDROOM 1      
2,2,64,1,FLAT 19 BEDROOM 1      
2,2,64,2,FLAT 19 BEDROOM 1      
2,2,64,3,                       
2,2,64,4,                       
2,2,65,0,FLAT 19 BEDROOM 1      
2,2,65,1,Loop 2-   Device    65/1
2,2,65,2,FLAT 19 BEDROOM 1      
2,2,65,3,                       
2,2,65,4,                       
2,2,66,0,FLAT 19 BEDROOM 2      
2,2,66,1,FLAT 19 BEDROOM 2      
2,2,66,2,FLAT 19 BEDROOM 2      
2,2,66,3,                       
2,2,66,4,                       
2,2,67,0,FLAT 19 BEDROOM 2      
2,2,67,1,Loop 2-   Device    67/1
2,2,67,2,FLAT 19 BEDROOM 2      
2,2,67,3,                       
2,2,67,4,                       
2,2,68,0,FLAT 19 LOUNGE         
2,2,68,1,FLAT 19 LOUNGE         
2,2,68,2,FLAT 19 LOUNGE         
2,2,68,3,                       
2,2,68,4,                       
2,2,69,0,FLAT 19 LOUNGE         
2,2,69,1,Loop 2-   Device    69/1
2,2,69,2,FLAT 19 LOUNGE         
2,2,69,3,                       
2,2,69,4,                       
2,2,70,0,FLAT 19 CUPBOARD 2     
2,2,70,1,FLAT 19 CUPBOARD 2     
2,2,70,2,FLAT 19 CUPBOARD 2     
2,2,70,3,                       
2,2,70,4,                       
2,2,71,0,FLAT 19 CUPBOARD 1     
2,2,71,1,FLAT 19 CUPBOARD 1     
2,2,71,2,FLAT 19 CUPBOARD 1     
2,2,71,3,                       
2,2,71,4,                       
2,2,72,0,FLAT 14 CUPBOARD 1     
2,2,72,1,Loop 2-   Device    72/1
2,2,72,2,Loop 2-   Device    72/2
2,2,72,3,Loop 2-   Device    72/3
2,2,72,4,FLAT 14 CUPBOARD 1     
2,2,73,0,FLAT 14 CUPBOARD 2     
2,2,73,1,FLAT 14 CUPBOARD 2     
2,2,73,2,FLAT 14 CUPBOARD 2     
2,2,73,3,                       
2,2,73,4,                       
2,2,74,0,FLAT 14 BEDROOM 1      
2,2,74,1,FLAT 14 BEDROOM 1      
2,2,74,2,FLAT 14 BEDROOM 1      
2,2,74,3,                       
2,2,74,4,                       
2,2,75,0,FLAT 14 BEDROOM 1      
2,2,75,1,Loop 2-   Device    75/1
2,2,75,2,FLAT 14 BEDROOM 1      
2,2,75,3,                       
2,2,75,4,                       
2,2,76,0,FLAT 14 BEDROOM 2      
2,2,76,1,FLAT 14 BEDROOM 2      
2,2,76,2,FLAT 14 BEDROOM 2      
2,2,76,3,                       
2,2,76,4,                       
2,2,77,0,FLAT 14 BEDROOM 2      
2,2,77,1,Loop 2-   Device    77/1
2,2,77,2,FLAT 14 BEDROOM 2      
2,2,77,3,                       
2,2,77,4,                       
2,2,78,0,FLAT 14 LOUNGE         
2,2,78,1,FLAT 14 LOUNGE         
2,2,78,2,FLAT 14 LOUNGE         
2,2,78,3,                       
2,2,78,4,                       
2,2,79,0,FLAT 14 LOUNGE         
2,2,79,1,Loop 2-   Device    79/1
2,2,79,2,FLAT 14 LOUNGE         
2,2,79,3,                       
2,2,79,4,                       
2,2,80,0,FLAT 14 ENTRANCE       
2,2,80,1,FLAT 14 ENTRANCE       
2,2,80,2,FLAT 14 ENTRANCE       
2,2,80,3,                       
2,2,80,4,                       
2,2,81,0,FLAT 14 ENTRANCE       
2,2,81,1,Loop 2-   Device    81/1
2,2,81,2,FLAT 14 ENTRANCE       
2,2,81,3,                       
2,2,81,4,                       
2,2,82,0,FLAT 14 CUPBOARD 1     
2,2,82,1,FLAT 14 CUPBOARD 1     
2,2,82,2,FLAT 14 CUPBOARD 1     
2,2,82,3,                       
2,2,82,4,                       
2,2,83,0,FLAT 12 CUPBOARD 1     
2,2,83,1,Loop 2-   Device    83/1
2,2,83,2,Loop 2-   Device    83/2
2,2,83,3,Loop 2-   Device    83/3
2,2,83,4,FLAT 12 CUPBOARD 1     
2,2,84,0,FLAT 12 ENTRANCE       
2,2,84,1,FLAT 12 ENTRANCE       
2,2,84,2,FLAT 12 ENTRANCE       
2,2,84,3,                       
2,2,84,4,                       
2,2,85,0,FLAT 12 ENTRANCE       
2,2,85,1,Loop 2-   Device    85/1
2,2,85,2,FLAT 12 ENTRANCE       
2,2,85,3,                       
2,2,85,4,                       
2,2,86,0,FLAT 12 BEDROOM 1      
2,2,86,1,FLAT 12 BEDROOM 1      
2,2,86,2,FLAT 12 BEDROOM 1      
2,2,86,3,                       
2,2,86,4,                       
2,2,87,0,FLAT 12 BEDROOM 1      
2,2,87,1,Loop 2-   Device    87/1
2,2,87,2,FLAT 12 BEDROOM 1      
2,2,87,3,                       
2,2,87,4,                       
2,2,88,0,FLAT 12 BEDROOM 2      
2,2,88,1,FLAT 12 BEDROOM 2      
2,2,88,2,FLAT 12 BEDROOM 2      
2,2,88,3,                       
2,2,88,4,                       
2,2,89,0,FLAT 12 BEDROOM 2      
2,2,89,1,Loop 2-   Device    89/1
2,2,89,2,FLAT 12 BEDROOM 2      
2,2,89,3,                       
2,2,89,4,                       
2,2,90,0,FLAT 12 LOUNGE         
2,2,90,1,FLAT 12 LOUNGE         
2,2,90,2,FLAT 12 LOUNGE         
2,2,90,3,                       
2,2,90,4,                       
2,2,91,0,FLAT 12 LOUNGE         
2,2,91,1,Loop 2-   Device    91/1
2,2,91,2,FLAT 12 LOUNGE         
2,2,91,3,                       
2,2,91,4,                       
2,2,92,0,FLAT 12 CUPBOARD 2     
2,2,92,1,FLAT 12 CUPBOARD 2     
2,2,92,2,FLAT 12 CUPBOARD 2     
2,2,92,3,                       
2,2,92,4,                       
2,2,93,0,FLAT 12 CUPBOARD 1     
2,2,93,1,FLAT 12 CUPBOARD 1     
2,2,93,2,FLAT 12 CUPBOARD 1     
2,2,93,3,                       
2,2,93,4,                       
2,2,94,0,PLANT ROOM             
2,2,94,1,PLANT ROOM             
2,2,94,2,PLANT ROOM             
2,2,94,3,                       
2,2,94,4,                       
2,2,95,0,PLANT ROOM             
2,2,95,1,PLANT ROOM             
2,2,95,2,PLANT ROOM             
2,2,95,3,                       
2,2,95,4,                       
2,2,110,0,CORRIDOR BY FLAT 16    
2,2,110,1,AOV NORTH              
2,2,110,2,CORRIDOR BY FLAT 16    
2,2,110,3,CORRIDOR BY FLAT 16    
2,2,110,4,CORRIDOR BY FLAT 16    
2,3,1,0,PLANT ROOM             
2,3,1,1,Door Access            
2,3,1,2,PLANT ROOM             
2,3,1,3,PLANT ROOM             
2,3,1,4,PLANT ROOM             
2,3,2,0,PLANT ROOM             
2,3,2,1,DOOR HOLDERS           
2,3,2,2,PLANT ROOM             
2,3,2,3,PLANT ROOM             
2,3,2,4,PLANT ROOM             
2,3,3,0,PLANT ROOM EXIT        
2,3,3,1,PLANT ROOM EXIT        
2,3,3,2,                       
2,3,3,3,                       
2,3,3,4,                       
2,3,4,0,PLANT ROOM             
2,3,4,1,PLANT ROOM             
2,3,4,2,PLANT ROOM             
2,3,4,3,                       
2,3,4,4,                       
2,3,5,0,PLANT ROOM             
2,3,5,1,Loop 3-   Device     5/1
2,3,5,2,PLANT ROOM             
2,3,5,3,                       
2,3,5,4,                       
2,3,6,0,FLAT 28 CUPBOARD 1     
2,3,6,1,FLAT 28 CUPBOARD 1     
2,3,6,2,FLAT 28 CUPBOARD 1     
2,3,6,3,                       
2,3,6,4,                       
2,3,7,0,FLAT 28 CUPBOARD 2     
2,3,7,1,FLAT 28 CUPBOARD 2     
2,3,7,2,FLAT 28 CUPBOARD 2     
2,3,7,3,                       
2,3,7,4,                       
2,3,8,0,FLAT 28 LOUNGE         
2,3,8,1,FLAT 28 LOUNGE         
2,3,8,2,FLAT 28 LOUNGE         
2,3,8,3,                       
2,3,8,4,                       
2,3,9,0,FLAT 28 LOUNGE         
2,3,9,1,Loop 3-   Device     9/1
2,3,9,2,FLAT 28 LOUNGE         
2,3,9,3,                       
2,3,9,4,                       
2,3,10,0,FLAT 28 BEDROOM 2      
2,3,10,1,FLAT 28 BEDROOM 2      
2,3,10,2,FLAT 28 BEDROOM 2      
2,3,10,3,                       
2,3,10,4,                       
2,3,11,0,FLAT 28 BEDROOM 1      
2,3,11,1,FLAT 28 BEDROOM 1      
2,3,11,2,FLAT 28 BEDROOM 1      
2,3,11,3,                       
2,3,11,4,                       
2,3,12,0,FLAT 28 BEDROOM 1      
2,3,12,1,Loop 3-   Device    12/1
2,3,12,2,FLAT 28 BEDROOM 1      
2,3,12,3,                       
2,3,12,4,                       
2,3,13,0,FLAT 28 ENTRANCE       
2,3,13,1,FLAT 28 ENTRANCE       
2,3,13,2,FLAT 28 ENTRANCE       
2,3,13,3,                       
2,3,13,4,                       
2,3,14,0,FLAT 28 CUPBOARD 1     
2,3,14,1,Loop 3-   Device    14/1
2,3,14,2,Loop 3-   Device    14/2
2,3,14,3,Loop 3-   Device    14/3
2,3,14,4,FLAT 28 CUPBOARD 1     
2,3,15,0,CORRIDOR BY FLAT 29    
2,3,15,1,CORRIDOR BY FLAT 29    
2,3,15,2,CORRIDOR BY FLAT 29    
2,3,15,3,                       
2,3,15,4,                       
2,3,16,0,CORRIDOR BY FLAT 29    
2,3,16,1,CORRIDOR BY FLAT 29    
2,3,16,2,CORRIDOR BY FLAT 29    
2,3,16,3,                       
2,3,16,4,                       
2,3,17,0,FLAT 29 CUPBOARD 1     
2,3,17,1,FLAT 29 CUPBOARD 1     
2,3,17,2,FLAT 29 CUPBOARD 1     
2,3,17,3,                       
2,3,17,4,                       
2,3,18,0,FLAT 29 ENTRANCE       
2,3,18,1,FLAT 29 ENTRANCE       
2,3,18,2,FLAT 29 ENTRANCE       
2,3,18,3,                       
2,3,18,4,                       
2,3,19,0,FLAT 29 ENTRANCE       
2,3,19,1,Loop 3-   Device    19/1
2,3,19,2,FLAT 29 ENTRANCE       
2,3,19,3,                       
2,3,19,4,                       
2,3,20,0,FLAT 29 BEDROOM 1      
2,3,20,1,FLAT 29 BEDROOM 1      
2,3,20,2,FLAT 29 BEDROOM 1      
2,3,20,3,                       
2,3,20,4,                       
2,3,21,0,FLAT 29 BEDROOM 1      
2,3,21,1,Loop 3-   Device    21/1
2,3,21,2,FLAT 29 BEDROOM 1      
2,3,21,3,                       
2,3,21,4,                       
2,3,22,0,FLAT 29 BEDROOM 2      
2,3,22,1,FLAT 29 BEDROOM 2      
2,3,22,2,FLAT 29 BEDROOM 2      
2,3,22,3,                       
2,3,22,4,                       
2,3,23,0,FLAT 29 BEDROOM 2      
2,3,23,1,Loop 3-   Device    23/1
2,3,23,2,FLAT 29 BEDROOM 2      
2,3,23,3,                       
2,3,23,4,                       
2,3,24,0,FLAT 29 CUPBOARD 2     
2,3,24,1,FLAT 29 CUPBOARD 2     
2,3,24,2,FLAT 29 CUPBOARD 2     
2,3,24,3,                       
2,3,24,4,                       
2,3,25,0,FLAT 29 LOUNGE         
2,3,25,1,FLAT 29 LOUNGE         
2,3,25,2,FLAT 29 LOUNGE         
2,3,25,3,                       
2,3,25,4,                       
2,3,26,0,FLAT 29 LOUNGE         
2,3,26,1,Loop 3-   Device    26/1
2,3,26,2,FLAT 29 LOUNGE         
2,3,26,3,                       
2,3,26,4,                       
2,3,27,0,FLAT 29 CUPBOARD 1     
2,3,27,1,Loop 3-   Device    27/1
2,3,27,2,Loop 3-   Device    27/2
2,3,27,3,Loop 3-   Device    27/3
2,3,27,4,FLAT 29 CUPBOARD 1     
2,3,28,0,CORRIDOR BY FLAT 30    
2,3,28,1,CORRIDOR BY FLAT 30    
2,3,28,2,CORRIDOR BY FLAT 30    
2,3,28,3,                       
2,3,28,4,                       
2,3,29,0,CORRDIOR BY FLAT 30    
2,3,29,1,CORRDIOR BY FLAT 30    
2,3,29,2,CORRDIOR BY FLAT 30    
2,3,29,3,                       
2,3,29,4,                       
2,3,30,0,FLAT 30 CUPBOARD 1     
2,3,30,1,Loop 3-   Device    30/1
2,3,30,2,Loop 3-   Device    30/2
2,3,30,3,Loop 3-   Device    30/3
2,3,30,4,FLAT 30 CUPBOARD 1     
2,3,31,0,FLAT 30 CUPBOARD 2     
2,3,31,1,FLAT 30 CUPBOARD 2     
2,3,31,2,FLAT 30 CUPBOARD 2     
2,3,31,3,                       
2,3,31,4,                       
2,3,32,0,FLAT 30 LOUNGE         
2,3,32,1,FLAT 30 LOUNGE         
2,3,32,2,FLAT 30 LOUNGE         
2,3,32,3,                       
2,3,32,4,                       
2,3,33,0,FLAT 30 LOUNGE         
2,3,33,1,Loop 3-   Device    33/1
2,3,33,2,FLAT 30 LOUNGE         
2,3,33,3,                       
2,3,33,4,                       
2,3,34,0,FLAT 30 BEDROOM 2      
2,3,34,1,FLAT 30 BEDROOM 2      
2,3,34,2,FLAT 30 BEDROOM 2      
2,3,34,3,                       
2,3,34,4,                       
2,3,35,0,FLAT 30 BEDROOM 2      
2,3,35,1,Loop 3-   Device    35/1
2,3,35,2,FLAT 30 BEDROOM 2      
2,3,35,3,                       
2,3,35,4,                       
2,3,36,0,FLAT 30 BEDROOM 1      
2,3,36,1,FLAT 30 BEDROOM 1      
2,3,36,2,FLAT 30 BEDROOM 1      
2,3,36,3,                       
2,3,36,4,                       
2,3,37,0,FLAT 30 BEDROOM 1      
2,3,37,1,Loop 3-   Device    37/1
2,3,37,2,FLAT 30 BEDROOM 1      
2,3,37,3,                       
2,3,37,4,                       
2,3,38,0,FLAT 30 ENTRANCE       
2,3,38,1,FLAT 30 ENTRANCE       
2,3,38,2,FLAT 30 ENTRANCE       
2,3,38,3,                       
2,3,38,4,                       
2,3,39,0,FLAT 30 ENTRANCE       
2,3,39,1,Loop 3-   Device    39/1
2,3,39,2,FLAT 30 ENTRANCE       
2,3,39,3,                       
2,3,39,4,                       
2,3,40,0,FLAT 30 CUPBOARD 1     
2,3,40,1,FLAT 30 CUPBOARD 1     
2,3,40,2,FLAT 30 CUPBOARD 1     
2,3,40,3,                       
2,3,40,4,                       
2,3,41,0,FLAT 31 CUPBOARD 1     
2,3,41,1,Loop 3-   Device    41/1
2,3,41,2,Loop 3-   Device    41/2
2,3,41,3,Loop 3-   Device    41/3
2,3,41,4,FLAT 31 CUPBOARD 1     
2,3,42,0,FLAT 31 BEDROOM 1      
2,3,42,1,FLAT 31 BEDROOM 1      
2,3,42,2,FLAT 31 BEDROOM 1      
2,3,42,3,                       
2,3,42,4,                       
2,3,43,0,FLAT 31 BEDROOM 1      
2,3,43,1,Loop 3-   Device    43/1
2,3,43,2,FLAT 31 BEDROOM 1      
2,3,43,3,                       
2,3,43,4,                       
2,3,44,0,FLAT 31 LOUNGE         
2,3,44,1,FLAT 31 LOUNGE         
2,3,44,2,FLAT 31 LOUNGE         
2,3,44,3,                       
2,3,44,4,                       
2,3,45,0,FLAT 31 LOUNGE         
2,3,45,1,Loop 3-   Device    45/1
2,3,45,2,FLAT 31 LOUNGE         
2,3,45,3,                       
2,3,45,4,                       
2,3,46,0,FLAT 31 BEDROOM 2      
2,3,46,1,FLAT 31 BEDROOM 2      
2,3,46,2,FLAT 31 BEDROOM 2      
2,3,46,3,                       
2,3,46,4,                       
2,3,47,0,FLAT 31 BEDROOM 2      
2,3,47,1,Loop 3-   Device    47/1
2,3,47,2,FLAT 31 BEDROOM 2      
2,3,47,3,                       
2,3,47,4,                       
2,3,48,0,FLAT 31 CUPBOARD 2     
2,3,48,1,FLAT 31 CUPBOARD 2     
2,3,48,2,FLAT 31 CUPBOARD 2     
2,3,48,3,                       
2,3,48,4,                       
2,3,49,0,FLAT 31 ENTRANCE       
2,3,49,1,FLAT 31 ENTRANCE       
2,3,49,2,FLAT 31 ENTRANCE       
2,3,49,3,                       
2,3,49,4,                       
2,3,50,0,FLAT 31 ENTRANCE       
2,3,50,1,Loop 3-   Device    50/1
2,3,50,2,FLAT 31 ENTRANCE       
2,3,50,3,                       
2,3,50,4,                       
2,3,51,0,FLAT 31 CUPBOARD 1     
2,3,51,1,FLAT 31 CUPBOARD 1     
2,3,51,2,FLAT 31 CUPBOARD 1     
2,3,51,3,                       
2,3,51,4,                       
2,3,52,0,FLAT 32 CUPBOARD 1     
2,3,52,1,Loop 3-   Device    52/1
2,3,52,2,Loop 3-   Device    52/2
2,3,52,3,Loop 3-   Device    52/3
2,3,52,4,FLAT 32 CUPBOARD 1     
2,3,53,0,FLAT 32 CUPBOARD 1     
2,3,53,1,FLAT 32 CUPBOARD 1     
2,3,53,2,FLAT 32 CUPBOARD 1     
2,3,53,3,                       
2,3,53,4,                       
2,3,54,0,FLAT 32 LOUNGE         
2,3,54,1,FLAT 32 LOUNGE         
2,3,54,2,FLAT 32 LOUNGE         
2,3,54,3,                       
2,3,54,4,                       
2,3,55,0,FALT 32 LOUNGE         
2,3,55,1,Loop 3-   Device    55/1
2,3,55,2,FALT 32 LOUNGE         
2,3,55,3,                       
2,3,55,4,                       
2,3,56,0,FLAT 32 CUPBOARD 2     
2,3,56,1,FLAT 32 CUPBOARD 2     
2,3,56,2,FLAT 32 CUPBOARD 2     
2,3,56,3,                       
2,3,56,4,                       
2,3,57,0,FLAT 32 BEDROOM 2      
2,3,57,1,FLAT 32 BEDROOM 2      
2,3,57,2,FLAT 32 BEDROOM 2      
2,3,57,3,                       
2,3,57,4,                       
2,3,58,0,FLAT 32 BEDROOM 2      
2,3,58,1,Loop 3-   Device    58/1
2,3,58,2,FLAT 32 BEDROOM 2      
2,3,58,3,                       
2,3,58,4,                       
2,3,59,0,FLAT 32 ENTRANCE       
2,3,59,1,FLAT 32 ENTRANCE       
2,3,59,2,FLAT 32 ENTRANCE       
2,3,59,3,                       
2,3,59,4,                       
2,3,60,0,FLAT 32 ENTRANCE       
2,3,60,1,Loop 3-   Device    60/1
2,3,60,2,FLAT 32 ENTRANCE       
2,3,60,3,                       
2,3,60,4,                       
2,3,61,0,FLAT 32 BEDROOM 1      
2,3,61,1,FLAT 32 BEDROOM 1      
2,3,61,2,FLAT 32 BEDROOM 1      
2,3,61,3,                       
2,3,61,4,                       
2,3,62,0,FLAT 32 BEDROOM 1      
2,3,62,1,Loop 3-   Device    62/1
2,3,62,2,FLAT 32 BEDROOM 1      
2,3,62,3,                       
2,3,62,4,                       
2,3,63,0,CORRIDOR BY FLAT 32    
2,3,63,1,CORRIDOR BY FLAT 32    
2,3,63,2,CORRIDOR BY FLAT 32    
2,3,63,3,                       
2,3,63,4,                       
2,3,64,0,CORRIDOR BY FLAT 32    
2,3,64,1,CORRIDOR BY FLAT 32    
2,3,64,2,CORRIDOR BY FLAT 32    
2,3,64,3,                       
2,3,64,4,                       
2,3,65,0,CORRIDOR BY FLAT 31    
2,3,65,1,CORRIDOR BY FLAT 31    
2,3,65,2,CORRIDOR BY FLAT 31    
2,3,65,3,                       
2,3,65,4,                       
2,3,66,0,EXIT BY FLAT 32        
2,3,66,1,EXIT BY FLAT 32        
2,3,66,2,                       
2,3,66,3,                       
2,3,66,4,                       
2,3,67,0,2ND FLOOR LANDING      
2,3,67,1,2ND FLOOR LANDING      
2,3,67,2,2ND FLOOR LANDING      
2,3,67,3,                       
2,3,67,4,                       
2,3,68,0,FLAT 33 CUPBOARD 1     
2,3,68,1,FLAT 33 CUPBOARD 1     
2,3,68,2,FLAT 33 CUPBOARD 1     
2,3,68,3,                       
2,3,68,4,                       
2,3,69,0,FLAT 33 ENTRANCE       
2,3,69,1,FLAT 33 ENTRANCE       
2,3,69,2,FLAT 33 ENTRANCE       
2,3,69,3,                       
2,3,69,4,                       
2,3,70,0,FLAT 33 ENTARNCE       
2,3,70,1,Loop 3-   Device    70/1
2,3,70,2,FLAT 33 ENTARNCE       
2,3,70,3,                       
2,3,70,4,                       
2,3,71,0,FLAT 33 BEDROOM 1      
2,3,71,1,FLAT 33 BEDROOM 1      
2,3,71,2,FLAT 33 BEDROOM 1      
2,3,71,3,                       
2,3,71,4,                       
2,3,72,0,FLAT 33 BEDROOM 1      
2,3,72,1,Loop 3-   Device    72/1
2,3,72,2,FLAT 33 BEDROOM 1      
2,3,72,3,                       
2,3,72,4,                       
2,3,73,0,FLAT 33 BEDROOM 2      
2,3,73,1,FLAT 33 BEDROOM 2      
2,3,73,2,FLAT 33 BEDROOM 2      
2,3,73,3,                       
2,3,73,4,                       
2,3,74,0,FLAT 33 BEDROOM 2      
2,3,74,1,Loop 3-   Device    74/1
2,3,74,2,FLAT 33 BEDROOM 2      
2,3,74,3,                       
2,3,74,4,                       
2,3,75,0,FLAT 33 CUPBOARD 2     
2,3,75,1,FLAT 33 CUPBOARD 2     
2,3,75,2,FLAT 33 CUPBOARD 2     
2,3,75,3,                       
2,3,75,4,                       
2,3,76,0,FLAT 33 LOUNGE         
2,3,76,1,FLAT 33 LOUNGE         
2,3,76,2,FLAT 33 LOUNGE         
2,3,76,3,                       
2,3,76,4,                       
2,3,77,0,FLAT 33 LOUNGE         
2,3,77,1,Loop 3-   Device    77/1
2,3,77,2,FLAT 33 LOUNGE         
2,3,77,3,                       
2,3,77,4,                       
2,3,78,0,FLAT 33 CUPBOARD 1     
2,3,78,1,Loop 3-   Device    78/1
2,3,78,2,Loop 3-   Device    78/2
2,3,78,3,Loop 3-   Device    78/3
2,3,78,4,FLAT 33 CUPBOARD 1     
2,3,80,0,FLAT 34 CUPBOARD 1     
2,3,80,1,Loop 3-   Device    80/1
2,3,80,2,Loop 3-   Device    80/2
2,3,80,3,Loop 3-   Device    80/3
2,3,80,4,FLAT 34 CUPBOARD 1     
2,3,81,0,FLAT 34 LOUNGE         
2,3,81,1,FLAT 34 LOUNGE         
2,3,81,2,FLAT 34 LOUNGE         
2,3,81,3,                       
2,3,81,4,                       
2,3,82,0,FLAT 34 LOUNGE         
2,3,82,1,Loop 3-   Device    82/1
2,3,82,2,FLAT 34 LOUNGE         
2,3,82,3,                       
2,3,82,4,                       
2,3,83,0,FLAT 34 CUPBOARD 2     
2,3,83,1,FLAT 34 CUPBOARD 2     
2,3,83,2,FLAT 34 CUPBOARD 2     
2,3,83,3,                       
2,3,83,4,                       
2,3,84,0,FLAT 34 BEDROOM 2      
2,3,84,1,FLAT 34 BEDROOM 2      
2,3,84,2,FLAT 34 BEDROOM 2      
2,3,84,3,                       
2,3,84,4,                       
2,3,85,0,FLAT 34 BEDROOM 2      
2,3,85,1,Loop 3-   Device    85/1
2,3,85,2,FLAT 34 BEDROOM 2      
2,3,85,3,                       
2,3,85,4,                       
2,3,86,0,FLAT 34 BEDROOM 1      
2,3,86,1,FLAT 34 BEDROOM 1      
2,3,86,2,FLAT 34 BEDROOM 1      
2,3,86,3,                       
2,3,86,4,                       
2,3,87,0,FLAT 34 BEDROOM 1      
2,3,87,1,Loop 3-   Device    87/1
2,3,87,2,FLAT 34 BEDROOM 1      
2,3,87,3,                       
2,3,87,4,                       
2,3,88,0,FLAT 34 CUPBOARD 1     
2,3,88,1,FLAT 34 CUPBOARD 1     
2,3,88,2,FLAT 34 CUPBOARD 1     
2,3,88,3,                       
2,3,88,4,                       
2,3,89,0,EXIT BY LIFT           
2,3,89,1,EXIT BY LIFT           
2,3,89,2,                       
2,3,89,3,                       
2,3,89,4,                       
2,3,90,0,2ND FLOOR LANDING      
2,3,90,1,2ND FLOOR LANDING      
2,3,90,2,2ND FLOOR LANDING      
2,3,90,3,                       
2,3,90,4,                       
2,3,91,0,LIFT SHAFT             
2,3,91,1,LIFT SHAFT             
2,3,91,2,LIFT SHAFT             
2,3,91,3,                       
2,3,91,4,                       
2,3,92,0,CORRIDOR BY LIFT SHAFT 
2,3,92,1,CORRIDOR BY LIFT SHAFT 
2,3,92,2,CORRIDOR BY LIFT SHAFT 
2,3,92,3,                       
2,3,92,4,                       
2,3,93,0,FLAT 34 ENTRANCE       
2,3,93,1,FLAT 34 ENTRANCE       
2,3,93,2,FLAT 34 ENTRANCE       
2,3,93,3,                       
2,3,93,4,                       
2,3,94,0,FLAT 34 ENTRANCE       
2,3,94,1,Loop 3-   Device    94/1
2,3,94,2,FLAT 34 ENTRANCE       
2,3,94,3,                       
2,3,94,4,                       
2,3,110,0,CORRIDOR BY FLAT 31    
2,3,110,1,AOV NORTH              
2,3,110,2,CORRIDOR BY FLAT 31    
2,3,110,3,CORRIDOR BY FLAT 31    
2,3,110,4,CORRIDOR BY FLAT 31    
2,3,111,0,Plant Room             
2,3,111,1,BMS Panel              
2,3,111,2,Plant Room             
2,3,111,3,Plant Room             
2,3,111,4,Plant Room             
2,3,115,0,VOID BY LIFT           
2,3,115,1,VOID BY LIFT           
2,3,115,2,VOID BY LIFT           
2,3,115,3,                       
2,3,115,4,                       
2,3,116,0,VOID BY LIFT           
2,3,116,1,VOID BY LIFT           
2,3,116,2,VOID BY LIFT           
2,3,116,3,                       
2,3,116,4,                       
2,3,119,0,VOID BY FLAT 31        
2,3,119,1,VOID BY FLAT 31        
2,3,119,2,VOID BY FLAT 31        
2,3,119,3,                       
2,3,119,4,                       
2,3,121,0,VOID BY FLAT 29        
2,3,121,1,VOID BY FLAT 29        
2,3,121,2,VOID BY FLAT 29        
2,3,121,3,                       
2,3,121,4,                       
2,3,122,0,VOID BY FLAT 29        
2,3,122,1,VOID BY FLAT 29        
2,3,122,2,VOID BY FLAT 29        
2,3,122,3,                       
2,3,122,4,                       
2,3,124,0,PLANT ROOM VOID        
2,3,124,1,PLANT ROOM VOID        
2,3,124,2,PLANT ROOM VOID        
2,3,124,3,                       
2,3,124,4,                       
2,3,125,0,FLAT 28 BEDROOM 2      
2,3,125,1,FLAT 28 BEDROOM 2      
2,3,125,2,FLAT 28 BEDROOM 2      
2,3,125,3,                       
2,3,125,4,                       
2,3,126,0,FLAT 28 ENTRANCE       
2,3,126,1,FLAT 28 ENTRANCE       
2,3,126,2,FLAT 28 ENTRANCE       
2,3,126,3,                       
2,3,126,4,                       
2,END,2,46395
