120,BEGIN,1,,,,,,,,,,,,,,,,,,,,,,,,,,,,,,,
120,25,1,2,3,4,,,,,,,,,,,,,,,,,,,,,,,,,,,,
120,2,1,1,,,,,,,,,,,,,,,,,,,,,,,,,,,,,,
120,20,1,1,1,1,1,1,1,1,1,1,1,1,1,1,,,,,,,,,,,,,,,,,,
120,20,2,1,1,1,1,1,1,1,1,1,1,1,1,1,,,,,,,,,,,,,,,,,,
120,20,3,1,1,1,1,1,1,1,1,1,1,1,1,1,,,,,,,,,,,,,,,,,,
120,20,4,1,1,1,1,1,1,1,1,1,1,1,1,1,,,,,,,,,,,,,,,,,,
120,1,1,1,,,,,,,,,,,,,,,,,,,,,,,,,,,,,,
120,END,1,0,,,,,,,,,,,,,,,,,,,,,,,,,,,,,,
80,BEGIN,1,,,,,,,,,,,,,,,,,,,,,,,,,,,,,,,
80,0,127,,,,,,,,,,,,,,,,,,,,,,,,,,,,,,,
80,1,1,1,99,,,,,,,,,,,,,,,,,,,,,,,,,,,,,
80,2,10,0,5,5,0,,,,,,,,,,,,,,,,,,,,,,,,,,,
80,3,,,,,,,,,,,,,,,,,,,,,,,,,,,,,,,,
80,4,Front Server,,,,,,,,,,,,,,,,,,,,,,,,,,,,,,,
80,6,0,,,,,,,,,,,,,,,,,,,,,,,,,,,,,,,
80,7,9A25,8A08,0-00,,,,,,,,,,,,,,,,,,,,,,,,,,,,,
80,8,3,,,,,,,,,,,,,,,,,,,,,,,,,,,,,,,
80,9,0,,,,,,,,,,,,,,,,,,,,,,,,,,,,,,,
80,10,0,,,,,,,,,,,,,,,,,,,,,,,,,,,,,,,
80,11,0,,,,,,,,,,,,,,,,,,,,,,,,,,,,,,,
80,12,2222,3333,,,,,,,,,,,,,,,,,,,,,,,,,,,,,,
80,14,1,,,,,,,,,,,,,,,,,,,,,,,,,,,,,,,
80,15,120,,,,,,,,,,,,,,,,,,,,,,,,,,,,,,,
80,16,1,L:1    ,,,,,,,,,,,,,,,,,,,,,,,,,,,,,,
80,16,2,L:2    ,,,,,,,,,,,,,,,,,,,,,,,,,,,,,,
80,16,3,L:3    ,,,,,,,,,,,,,,,,,,,,,,,,,,,,,,
80,16,4,       ,,,,,,,,,,,,,,,,,,,,,,,,,,,,,,
80,16,5,       ,,,,,,,,,,,,,,,,,,,,,,,,,,,,,,
80,16,6,       ,,,,,,,,,,,,,,,,,,,,,,,,,,,,,,
80,16,7,       ,,,,,,,,,,,,,,,,,,,,,,,,,,,,,,
80,16,8,       ,,,,,,,,,,,,,,,,,,,,,,,,,,,,,,
80,16,9,System ,,,,,,,,,,,,,,,,,,,,,,,,,,,,,,
80,16,10,A-Bus 1,,,,,,,,,,,,,,,,,,,,,,,,,,,,,,
80,16,11,A-Bus 2,,,,,,,,,,,,,,,,,,,,,,,,,,,,,,
80,END,1,0,,,,,,,,,,,,,,,,,,,,,,,,,,,,,,
17,BEGIN,1,,,,,,,,,,,,,,,,,,,,,,,,,,,,,,,
17,2,IG AREA 1      ,0,1,2,,,,,,,,,,,,,,,,,,,,,,,,,,,,
17,3,IG AREA 2      ,0,1,2,,,,,,,,,,,,,,,,,,,,,,,,,,,,
17,4,IG AREA 3      ,0,1,2,,,,,,,,,,,,,,,,,,,,,,,,,,,,
17,5,IG AREA 4      ,0,1,2,,,,,,,,,,,,,,,,,,,,,,,,,,,,
17,6,IG AREA 5      ,0,1,2,,,,,,,,,,,,,,,,,,,,,,,,,,,,
17,END,1,0,,,,,,,,,,,,,,,,,,,,,,,,,,,,,,
18,BEGIN,1,,,,,,,,,,,,,,,,,,,,,,,,,,,,,,,
18,1,AREA 1/2 PAXTON,0,1,2,,,,,,,,,,,,,,,,,,,,,,,,,,,,
18,2,BEACONS AREA 1 ,0,1,2,,,,,,,,,,,,,,,,,,,,,,,,,,,,
18,3,BEACONS AREA 2 ,0,1,2,,,,,,,,,,,,,,,,,,,,,,,,,,,,
18,4,BEACONS AREA 3 ,0,1,2,,,,,,,,,,,,,,,,,,,,,,,,,,,,
18,5,BEACONS AREA 4 ,0,1,2,,,,,,,,,,,,,,,,,,,,,,,,,,,,
18,6,BEACONS AREA 5 ,0,1,2,,,,,,,,,,,,,,,,,,,,,,,,,,,,
18,7,VA EVAC AREA 1 ,0,1,2,,,,,,,,,,,,,,,,,,,,,,,,,,,,
18,8,VA EVAC AREA 2 ,0,1,2,,,,,,,,,,,,,,,,,,,,,,,,,,,,
18,9,VA EVAC AREA 3 ,0,1,2,,,,,,,,,,,,,,,,,,,,,,,,,,,,
18,10,VA EVAC AREA 4 ,0,1,2,,,,,,,,,,,,,,,,,,,,,,,,,,,,
18,11,VA EVAC AREA 5 ,0,1,2,,,,,,,,,,,,,,,,,,,,,,,,,,,,
18,12,VA ALERT AREA 1,0,1,2,,,,,,,,,,,,,,,,,,,,,,,,,,,,
18,13,VA ALERT AREA 2,0,1,2,,,,,,,,,,,,,,,,,,,,,,,,,,,,
18,14,VA ALERT AREA 3,0,1,2,,,,,,,,,,,,,,,,,,,,,,,,,,,,
18,15,VA ALERT AREA 4,0,1,2,,,,,,,,,,,,,,,,,,,,,,,,,,,,
18,16,VA ALERT AREA 5,0,1,2,,,,,,,,,,,,,,,,,,,,,,,,,,,,
18,17,REDCARE        ,0,1,2,,,,,,,,,,,,,,,,,,,,,,,,,,,,
18,18,EXT.FRONT GATE ,0,1,2,,,,,,,,,,,,,,,,,,,,,,,,,,,,
18,19,MAIN OFF.DOORS ,0,1,2,,,,,,,,,,,,,,,,,,,,,,,,,,,,
18,20,LIFT           ,0,1,2,,,,,,,,,,,,,,,,,,,,,,,,,,,,
18,21,MEET RM SPEAKERS,0,1,2,,,,,,,,,,,,,,,,,,,,,,,,,,,,
18,22,AREA 1 PAXTON  ,0,1,2,,,,,,,,,,,,,,,,,,,,,,,,,,,,
18,23,AREA 2 PAXTON  ,0,1,2,,,,,,,,,,,,,,,,,,,,,,,,,,,,
18,24,AREA 3 PAXTON  ,0,1,2,,,,,,,,,,,,,,,,,,,,,,,,,,,,
18,25,AREA 4 PAXTON  ,0,1,2,,,,,,,,,,,,,,,,,,,,,,,,,,,,
18,26,AREA 5 PAXTON  ,0,1,2,,,,,,,,,,,,,,,,,,,,,,,,,,,,
18,27,AIR CON.       ,0,1,2,,,,,,,,,,,,,,,,,,,,,,,,,,,,
18,END,1,0,,,,,,,,,,,,,,,,,,,,,,,,,,,,,,
19,BEGIN,1,,,,,,,,,,,,,,,,,,,,,,,,,,,,,,,
19,641,PAXTON AREA 1&2,0,1,2,,,,,,,,,,,,,,,,,,,,,,,,,,,,
19,642,GLOBAL FIRE    ,0,1,2,,,,,,,,,,,,,,,,,,,,,,,,,,,,
19,643,ALL EVAC MSGS  ,0,1,2,,,,,,,,,,,,,,,,,,,,,,,,,,,,
19,644,ALL DOORS      ,0,1,2,,,,,,,,,,,,,,,,,,,,,,,,,,,,
19,645,ALL BEACONS    ,0,1,2,,,,,,,,,,,,,,,,,,,,,,,,,,,,
19,END,1,0,,,,,,,,,,,,,,,,,,,,,,,,,,,,,,
81,BEGIN,1,,,,,,,,,,,,,,,,,,,,,,,,,,,,,,,
81,0,Normal         ,0,1,2,3,4,,,,,,,,,,,,,,,,,,,,,,,,,,
81,END,1,0,,,,,,,,,,,,,,,,,,,,,,,,,,,,,,
90,BEGIN,1,,,,,,,,,,,,,,,,,,,,,,,,,,,,,,,
90,0, ,,,,,,,,,,,,,,,,,,,,,,,,,,,,,,,
90,END,1,0,,,,,,,,,,,,,,,,,,,,,,,,,,,,,,
100,BEGIN,1,,,,,,,,,,,,,,,,,,,,,,,,,,,,,,,
100,1,MAIN PRODUCTION,1,2,3,4,,,,,,,,,,,,,,,,,,,,,,,,,,,
100,2,REAR PRODUCTION,1,2,3,4,,,,,,,,,,,,,,,,,,,,,,,,,,,
100,3,PROD. STAIR 1,1,2,3,4,,,,,,,,,,,,,,,,,,,,,,,,,,,
100,4,PROD. STAIR 2,1,2,3,4,,,,,,,,,,,,,,,,,,,,,,,,,,,
100,5,GROUND FLOOR,1,2,3,4,,,,,,,,,,,,,,,,,,,,,,,,,,,
100,6,GROUND FLOOR,1,2,3,4,,,,,,,,,,,,,,,,,,,,,,,,,,,
100,7,GOODS IN,1,2,3,4,,,,,,,,,,,,,,,,,,,,,,,,,,,
100,8,COMPONENT STORES,1,2,3,4,,,,,,,,,,,,,,,,,,,,,,,,,,,
100,9,GROUND FLOOR,1,2,3,4,,,,,,,,,,,,,,,,,,,,,,,,,,,
100,10,GROUND FLOOR,1,2,3,4,,,,,,,,,,,,,,,,,,,,,,,,,,,
100,11,WAREHOUSE,1,2,3,4,,,,,,,,,,,,,,,,,,,,,,,,,,,
100,12,PRODUCTION VOID,1,2,3,4,,,,,,,,,,,,,,,,,,,,,,,,,,,
100,13,1ST FLOOR,1,2,3,4,,,,,,,,,,,,,,,,,,,,,,,,,,,
100,14,1ST FLOOR,1,2,3,4,,,,,,,,,,,,,,,,,,,,,,,,,,,
100,15,1ST FLOOR,1,2,3,4,,,,,,,,,,,,,,,,,,,,,,,,,,,
100,16,SALES STAIR,1,2,3,4,,,,,,,,,,,,,,,,,,,,,,,,,,,
100,17,EXIT STAIR/ LIFT,1,2,3,4,,,,,,,,,,,,,,,,,,,,,,,,,,,
100,18,GROUND FLOOR,1,2,3,4,,,,,,,,,,,,,,,,,,,,,,,,,,,
100,19,LIFT SHAFT,1,2,3,4,,,,,,,,,,,,,,,,,,,,,,,,,,,
100,20,GROUND FLOOR,1,2,3,4,,,,,,,,,,,,,,,,,,,,,,,,,,,
100,21,GROUND FLOOR,1,2,3,4,,,,,,,,,,,,,,,,,,,,,,,,,,,
100,22,SERVICE PLENUM,1,2,3,4,,,,,,,,,,,,,,,,,,,,,,,,,,,
100,23,RECEPTION AREA,1,2,3,4,,,,,,,,,,,,,,,,,,,,,,,,,,,
100,24,GROUND FLOOR,1,2,3,4,,,,,,,,,,,,,,,,,,,,,,,,,,,
100,25,1ST FLR OFFICES,1,2,3,4,,,,,,,,,,,,,,,,,,,,,,,,,,,
100,26,1ST FLR STORE,1,2,3,4,,,,,,,,,,,,,,,,,,,,,,,,,,,
100,27,Zone 27,1,2,3,4,,,,,,,,,,,,,,,,,,,,,,,,,,,
100,28,Zone 28,1,2,3,4,,,,,,,,,,,,,,,,,,,,,,,,,,,
100,29,Zone 29,1,2,3,4,,,,,,,,,,,,,,,,,,,,,,,,,,,
100,30,Zone 30,1,2,3,4,,,,,,,,,,,,,,,,,,,,,,,,,,,
100,31,Zone 31,1,2,3,4,,,,,,,,,,,,,,,,,,,,,,,,,,,
100,32,Zone 32,1,2,3,4,,,,,,,,,,,,,,,,,,,,,,,,,,,
100,33,Zone 33,1,2,3,4,,,,,,,,,,,,,,,,,,,,,,,,,,,
100,34,Zone 34,1,2,3,4,,,,,,,,,,,,,,,,,,,,,,,,,,,
100,35,Zone 35,1,2,3,4,,,,,,,,,,,,,,,,,,,,,,,,,,,
100,36,Zone 36,1,2,3,4,,,,,,,,,,,,,,,,,,,,,,,,,,,
100,37,Zone 37,1,2,3,4,,,,,,,,,,,,,,,,,,,,,,,,,,,
100,38,Zone 38,1,2,3,4,,,,,,,,,,,,,,,,,,,,,,,,,,,
100,39,Zone 39,1,2,3,4,,,,,,,,,,,,,,,,,,,,,,,,,,,
100,40,Zone 40,1,2,3,4,,,,,,,,,,,,,,,,,,,,,,,,,,,
100,END,1,0,,,,,,,,,,,,,,,,,,,,,,,,,,,,,,
151,BEGIN,1,,,,,,,,,,,,,,,,,,,,,,,,,,,,,,,
151,641,ANY INPUT DEVICE,0,1,2,,,,,,,,,,,,,,,,,,,,,,,,,,,,
151,END,1,0,,,,,,,,,,,,,,,,,,,,,,,,,,,,,,
152,BEGIN,1,,,,,,,,,,,,,,,,,,,,,,,,,,,,,,,
152,0,RESET          ,0,1,2,3,4,,,,,,,,,,,,,,,,,,,,,,,,,,
152,1,ON             ,0,1,2,3,4,,,,,,,,,,,,,,,,,,,,,,,,,,
152,2,Simple Pulse   ,0,1,2,3,4,,,,,,,,,,,,,,,,,,,,,,,,,,
152,3,5 mins->ON     ,0,1,2,3,4,,,,,,,,,,,,,,,,,,,,,,,,,,
152,END,1,0,,,,,,,,,,,,,,,,,,,,,,,,,,,,,,
153,BEGIN,1,,,,,,,,,,,,,,,,,,,,,,,,,,,,,,,
153,0,Default        ,0,1,2,3,4,,,,,,,,,,,,,,,,,,,,,,,,,,
153,END,1,0,,,,,,,,,,,,,,,,,,,,,,,,,,,,,,
160,BEGIN,1,,,,,,,,,,,,,,,,,,,,,,,,,,,,,,,
160,END,1,0,,,,,,,,,,,,,,,,,,,,,,,,,,,,,,
20,BEGIN,1,,,,,,,,,,,,,,,,,,,,,,,,,,,,,,,
20,9,1,258,206,1,64,0,0,6,0,0,0,0,0,0,0,0,0,0,0,0,0,0,0,0,0,0,0,0,0,0,0,8
20,9,2,259,206,1,64,0,0,6,0,0,0,0,0,0,0,0,0,0,0,0,0,0,0,0,0,0,0,0,0,0,0,8
20,9,3,267,205,0,0,0,0,4,0,0,1,0,0,0,0,0,0,0,0,0,0,0,0,0,0,0,0,0,0,0,0,8
20,9,4,257,206,0,0,0,0,0,0,0,0,0,0,0,0,0,0,0,0,0,0,0,0,0,0,0,0,0,0,0,32,8
20,9,5,262,0,0,0,0,0,6,0,0,0,0,0,0,0,0,0,0,0,0,0,0,0,0,0,0,0,0,0,0,32,8
20,9,6,263,206,0,0,0,0,6,0,0,0,0,0,0,0,0,0,0,0,0,0,0,0,0,0,0,0,0,0,0,32,8
20,9,7,264,205,0,0,0,0,4,0,0,0,0,0,0,0,0,0,0,0,0,0,0,0,0,0,0,0,0,0,0,32,8
20,9,8,265,205,0,0,0,0,0,0,0,0,0,0,0,0,0,0,0,0,0,0,0,0,0,0,0,0,0,0,0,32,0
20,9,9,274,205,0,0,0,0,4,0,0,0,0,0,0,0,0,0,0,0,0,0,0,0,0,0,0,0,0,0,0,32,8
20,9,10,261,205,0,0,0,0,4,0,0,0,0,0,0,0,0,0,0,0,0,0,0,0,0,0,0,0,0,0,0,0,0
20,9,11,261,205,0,0,0,0,4,0,1,0,0,0,0,0,0,0,0,0,0,0,0,0,0,0,0,0,0,0,0,0,0
20,9,12,261,205,0,0,0,0,4,0,2,0,0,0,0,0,0,0,0,0,0,0,0,0,0,0,0,0,0,0,0,0,0
20,1,1,20,21,0,2,0,0,64,0,0,0,0,1,0,100,100,100,100,0,0,0,0,0,0,0,0,0,0,0,0,0,32
20,1,2,20,21,0,2,0,0,64,0,0,0,0,1,0,100,100,100,100,0,0,0,0,0,0,0,0,0,0,0,128,0,9
20,1,3,20,22,0,2,0,0,64,0,0,0,0,1,0,100,100,100,100,0,0,0,0,0,0,0,0,0,0,0,0,0,32
20,1,4,20,21,0,2,0,0,64,0,0,0,0,1,0,100,100,100,100,0,0,0,0,0,0,0,0,0,0,0,0,0,32
20,1,5,20,21,0,2,0,0,64,0,0,0,0,1,0,100,100,100,100,0,0,0,0,0,0,0,0,0,0,0,0,0,32
20,1,6,8,21,1,1,1,22,64,0,0,0,0,0,0,0,0,0,0,0,0,0,0,6,0,0,0,0,0,0,0,0,32
20,1,7,20,23,0,2,0,0,64,0,0,0,0,1,0,100,100,100,100,0,0,0,0,0,0,0,0,0,0,0,0,0,56
20,1,8,20,22,0,2,0,0,64,0,0,0,0,1,0,100,100,100,100,0,0,0,0,0,0,0,0,0,0,0,0,0,56
20,1,9,20,23,0,2,0,0,64,0,0,0,0,1,0,100,100,100,100,0,0,0,0,0,0,0,0,0,0,0,128,0,9
20,1,10,31,23,2,0,0,0,1,0,0,0,0,0,0,0,0,0,0,0,0,0,0,0,0,0,0,0,0,0,0,0,32
20,1,11,20,23,0,2,0,0,64,0,0,0,0,1,0,100,100,100,100,0,0,0,0,0,0,0,0,0,0,0,0,0,32
20,1,12,20,23,0,2,0,0,64,0,0,0,0,1,0,100,100,100,100,0,0,0,0,0,0,0,0,0,0,0,0,0,56
20,1,13,20,23,0,2,0,0,64,0,0,0,0,1,0,100,100,100,100,0,0,0,0,0,0,0,0,0,0,0,0,0,32
20,1,14,20,23,0,2,0,0,64,0,0,0,0,1,0,100,100,100,100,0,0,0,0,0,0,0,0,0,0,0,0,0,56
20,1,15,31,23,2,0,0,0,1,0,0,0,0,0,0,0,0,0,0,0,0,0,0,0,0,0,0,0,0,0,0,0,32
20,1,16,8,23,1,1,1,22,64,0,0,0,0,0,0,0,0,0,0,0,0,0,0,6,0,0,0,0,0,0,0,1,32
20,1,17,20,23,0,2,0,0,64,0,0,0,0,1,0,100,100,100,100,0,0,0,0,0,0,0,0,0,0,0,0,0,56
20,1,19,24,18,0,2,0,0,64,0,0,0,0,1,0,100,100,100,100,0,0,0,0,0,0,0,0,0,0,0,0,0,56
20,1,20,24,23,0,2,0,0,64,0,0,0,0,1,0,100,100,100,100,0,0,0,0,0,0,0,0,0,0,0,0,0,56
20,1,21,31,18,2,0,0,0,1,0,0,0,0,0,0,0,0,0,0,0,0,0,0,0,0,0,0,0,0,0,0,0,32
20,1,22,20,21,0,2,0,0,64,0,0,0,0,1,0,100,100,100,100,0,0,0,0,0,0,0,0,0,0,0,0,0,32
20,1,23,20,21,0,2,0,0,64,0,0,0,0,1,0,100,100,100,100,0,0,0,0,0,0,0,0,0,0,0,0,0,56
20,1,24,8,21,1,1,1,1,64,0,0,0,0,0,0,0,0,0,0,0,0,0,0,6,0,0,0,0,0,0,0,0,56
20,1,25,48,21,1,0,64,2,72,0,0,0,0,0,6,64,64,64,64,0,0,0,0,0,0,0,0,0,0,0,0,4,0
20,1,26,20,21,0,2,0,0,64,0,0,0,0,1,0,100,100,100,100,0,0,0,0,0,0,0,0,0,0,0,0,0,32
20,1,27,20,21,0,2,0,0,64,0,0,0,0,1,0,100,100,100,100,0,0,0,0,0,0,0,0,0,0,0,0,0,32
20,1,28,48,21,1,0,64,2,72,0,0,0,0,0,6,64,64,64,64,0,0,0,0,0,0,0,0,0,0,0,0,4,0
20,1,29,24,24,0,2,0,0,64,0,0,0,0,1,0,100,100,100,100,0,0,0,0,0,0,0,0,0,0,0,0,0,56
20,1,30,31,24,2,0,0,0,1,0,0,0,0,0,0,0,0,0,0,0,0,0,0,0,0,0,0,0,0,0,0,0,32
20,1,31,20,21,0,2,0,0,64,0,0,0,0,1,0,100,100,100,100,0,0,0,0,0,0,0,0,0,0,0,0,0,32
20,1,32,20,21,0,2,0,0,64,0,0,0,0,1,0,100,100,100,100,0,0,0,0,0,0,0,0,0,0,0,0,0,32
20,1,33,20,21,0,2,0,0,64,0,0,0,0,1,0,100,100,100,100,0,0,0,0,0,0,0,0,0,0,0,0,0,56
20,1,34,31,20,2,0,0,0,1,0,0,0,0,0,0,0,0,0,0,0,0,0,0,0,0,0,0,0,0,0,0,0,32
20,1,35,20,21,0,2,0,0,64,0,0,0,0,1,0,100,100,100,100,0,0,0,0,0,0,0,0,0,0,0,0,0,56
20,1,36,31,21,2,0,0,0,1,0,0,0,0,0,0,0,0,0,0,0,0,0,0,0,0,0,0,0,0,0,0,0,56
20,1,37,20,16,1,2,0,1,64,0,0,0,0,1,0,100,100,100,100,0,0,0,0,0,0,0,0,0,0,0,0,0,0
20,1,38,20,22,0,2,0,0,64,0,0,0,0,1,0,100,100,100,100,0,0,0,0,0,0,0,0,0,0,0,0,0,32
20,1,39,20,22,0,2,0,0,64,0,0,0,0,1,0,100,100,100,100,0,0,0,0,0,0,0,0,0,0,0,0,0,32
20,1,40,20,20,0,2,0,0,64,0,0,0,0,1,0,100,100,100,100,0,0,0,0,0,0,0,0,0,0,0,0,0,56
20,1,41,8,21,1,1,1,21,64,0,0,0,0,0,0,0,0,0,0,0,0,0,0,6,0,0,0,0,0,0,0,0,32
20,1,42,8,17,1,1,1,18,64,0,0,0,0,0,0,0,0,0,0,0,0,0,0,6,0,0,0,0,0,0,0,0,32
20,1,43,8,21,1,1,1,21,64,0,0,0,0,0,0,0,0,0,0,0,0,0,0,6,0,0,0,0,0,0,0,0,32
20,1,44,8,21,1,1,1,21,64,0,0,0,0,0,0,0,0,0,0,0,0,0,0,6,0,0,0,0,0,0,0,0,32
20,1,45,8,21,0,0,0,22,64,0,0,0,0,0,0,0,0,0,0,0,0,0,0,6,0,0,0,0,0,0,0,0,0
20,1,46,20,21,0,2,0,0,64,0,0,0,0,1,0,100,100,100,100,0,0,0,0,0,0,0,0,0,0,0,0,0,56
20,1,47,20,21,0,2,0,0,64,0,0,0,0,1,0,100,100,100,100,0,0,0,0,0,0,0,0,0,0,0,0,0,56
20,1,48,48,23,1,0,64,2,72,0,0,0,0,0,6,64,64,64,64,0,0,0,0,0,0,0,0,0,0,0,0,4,0
20,1,49,48,23,1,0,64,2,72,0,0,0,0,0,6,64,64,64,64,0,0,0,0,0,0,0,0,0,0,0,0,4,0
20,1,50,48,23,1,0,64,2,72,0,0,0,0,0,6,64,64,64,64,0,0,0,0,0,0,0,0,0,0,0,0,4,0
20,1,115,8,20,0,0,0,12,64,0,0,0,0,0,0,0,0,0,0,0,0,0,0,6,0,0,0,0,0,0,0,0,0
20,1,116,8,20,0,0,0,15,64,0,0,0,0,0,0,0,0,0,0,0,0,0,0,6,0,0,0,0,0,0,0,0,0
20,1,117,8,20,0,0,0,16,64,0,0,0,0,0,0,0,0,0,0,0,0,0,0,6,0,0,0,0,0,0,0,0,0
20,1,118,8,20,0,0,0,13,64,0,0,0,0,0,0,0,0,0,0,0,0,0,0,6,0,0,0,0,0,0,0,0,0
20,1,119,8,20,0,0,0,14,64,0,0,0,0,0,0,0,0,0,0,0,0,0,0,6,0,0,0,0,0,0,0,0,0
20,1,120,8,20,0,0,0,14,64,0,0,0,0,0,0,0,0,0,0,0,0,0,0,6,0,0,0,0,0,0,0,0,0
20,1,121,8,20,0,0,0,7,64,0,0,0,0,0,0,0,0,0,0,0,0,0,0,6,0,0,0,0,0,0,0,0,0
20,1,122,8,20,0,0,0,10,64,0,0,0,0,0,0,0,0,0,0,0,0,0,0,6,0,0,0,0,0,0,0,0,0
20,1,123,8,20,0,0,0,11,64,0,0,0,0,0,0,0,0,0,0,0,0,0,0,6,0,0,0,0,0,0,0,0,0
20,1,124,8,20,0,0,0,8,64,0,0,0,0,0,0,0,0,0,0,0,0,0,0,6,0,0,0,0,0,0,0,0,0
20,1,125,8,20,0,0,0,9,64,0,0,0,0,0,0,0,0,0,0,0,0,0,0,6,0,0,0,0,0,0,0,0,0
20,1,126,8,20,0,0,0,9,64,0,0,0,0,0,0,0,0,0,0,0,0,0,0,6,0,0,0,0,0,0,0,0,0
20,2,1,20,25,0,2,0,0,64,0,0,0,0,1,0,100,100,100,100,0,0,0,0,0,0,0,0,0,0,0,0,0,32
20,2,2,20,25,0,2,0,0,64,0,0,0,0,1,0,100,100,100,100,0,0,0,0,0,0,0,0,0,0,0,0,0,32
20,2,3,20,25,0,2,0,0,64,0,0,0,0,1,0,100,100,100,100,0,0,0,0,0,0,0,0,0,0,0,128,0,32
20,2,4,20,26,0,2,0,0,64,0,0,0,0,1,0,100,100,100,100,0,0,0,0,0,0,0,0,0,0,0,0,0,32
20,2,5,48,25,25,0,64,2,72,0,0,0,0,0,6,112,112,112,112,0,0,0,0,0,0,0,0,0,0,0,0,0,0
20,2,6,48,25,25,0,64,2,72,0,0,0,0,0,6,112,112,112,112,0,0,0,0,0,0,0,0,0,0,0,0,0,0
20,2,7,20,25,0,2,0,0,64,0,0,0,0,1,0,100,100,100,100,0,0,0,0,0,0,0,0,0,0,0,0,0,32
20,2,8,20,25,0,2,0,0,64,0,0,0,0,1,0,100,100,100,100,0,0,0,0,0,0,0,0,0,0,0,128,0,32
20,2,9,20,25,0,2,0,0,64,0,0,0,0,1,0,100,100,100,100,0,0,0,0,0,0,0,0,0,0,0,128,0,32
20,2,10,20,25,0,2,0,0,64,0,0,0,0,1,0,100,100,100,100,0,0,0,0,0,0,0,0,0,0,0,0,0,32
20,2,11,20,25,0,2,0,0,64,0,0,0,0,1,0,100,100,100,100,0,0,0,0,0,0,0,0,0,0,0,128,0,32
20,2,12,20,23,0,2,0,0,64,0,0,0,0,1,0,100,100,100,100,0,0,0,0,0,0,0,0,0,0,0,0,0,32
20,2,13,31,17,2,0,0,0,1,0,0,0,0,0,0,0,0,0,0,0,0,0,0,0,0,0,0,0,0,0,0,0,32
20,2,14,20,25,0,2,0,0,64,0,0,0,0,1,0,100,100,100,100,0,0,0,0,0,0,0,0,0,0,0,0,0,32
20,2,15,20,25,0,2,0,0,64,0,0,0,0,1,0,100,100,100,100,0,0,0,0,0,0,0,0,0,0,0,128,0,32
20,2,16,20,25,0,2,0,0,64,0,0,0,0,1,0,100,100,100,100,0,0,0,0,0,0,0,0,0,0,0,128,0,32
20,2,17,20,25,0,2,0,0,64,0,0,0,0,1,0,100,100,100,100,0,0,0,0,0,0,0,0,0,0,0,128,0,32
20,2,18,20,25,0,2,0,0,64,0,0,0,0,1,0,100,100,100,100,0,0,0,0,0,0,0,0,0,0,0,0,0,32
20,2,19,20,16,0,2,0,0,64,0,0,0,0,1,0,100,100,100,100,0,0,0,0,0,0,0,0,0,0,0,128,0,32
20,2,20,20,16,0,2,0,0,64,0,0,0,0,1,0,100,100,100,100,0,0,0,0,0,0,0,0,0,0,0,0,0,32
20,2,21,31,25,2,0,0,0,1,0,0,0,0,0,0,0,0,0,0,0,0,0,0,0,0,0,0,0,0,0,0,0,32
20,2,22,20,25,0,2,0,0,64,0,0,0,0,1,0,100,100,100,100,0,0,0,0,0,0,0,0,0,0,0,0,0,32
20,2,23,20,25,0,2,0,0,64,0,0,0,0,1,0,100,100,100,100,0,0,0,0,0,0,0,0,0,0,0,0,0,32
20,2,24,20,25,0,2,0,0,64,0,0,0,0,1,0,100,100,100,100,0,0,0,0,0,0,0,0,0,0,0,0,0,32
20,2,25,20,25,0,2,0,0,64,0,0,0,0,1,0,100,100,100,100,0,0,0,0,0,0,0,0,0,0,0,128,0,32
20,2,26,20,25,0,2,0,0,64,0,0,0,0,1,0,100,100,100,100,0,0,0,0,0,0,0,0,0,0,0,0,0,32
20,2,27,20,25,0,2,0,0,64,0,0,0,0,1,0,100,100,100,100,0,0,0,0,0,0,0,0,0,0,0,128,0,32
20,2,28,20,25,0,2,0,0,64,0,0,0,0,1,0,100,100,100,100,0,0,0,0,0,0,0,0,0,0,0,0,0,32
20,2,29,20,25,0,2,0,0,64,0,0,0,0,1,0,100,100,100,100,0,0,0,0,0,0,0,0,0,0,0,128,0,32
20,2,30,20,23,0,2,0,0,64,0,0,0,0,1,0,100,100,100,100,0,0,0,0,0,0,0,0,0,0,0,0,0,56
20,2,31,31,23,2,0,0,0,1,0,0,0,0,0,0,0,0,0,0,0,0,0,0,0,0,0,0,0,0,0,0,0,32
20,2,32,20,23,0,2,0,0,64,0,0,0,0,1,0,100,100,100,100,0,0,0,0,0,0,0,0,0,0,0,0,0,32
20,2,33,20,23,0,2,0,0,64,0,0,0,0,1,0,100,100,100,100,0,0,0,0,0,0,0,0,0,0,0,0,0,32
20,2,34,20,24,0,2,0,0,64,0,0,0,0,1,0,100,100,100,100,0,0,0,0,0,0,0,0,0,0,0,0,0,32
20,2,35,20,24,0,2,0,0,64,0,0,0,0,1,0,100,100,100,100,0,0,0,0,0,0,0,0,0,0,0,128,0,32
20,2,36,20,19,0,2,0,0,64,0,0,0,0,1,0,100,100,100,100,0,0,0,0,0,0,0,0,0,0,0,128,0,32
20,2,37,8,24,1,1,1,20,64,0,0,0,0,0,0,0,0,0,0,0,0,0,0,6,0,0,0,0,0,0,0,0,32
20,2,38,20,24,0,2,0,0,64,0,0,0,0,1,0,100,100,100,100,0,0,0,0,0,0,0,0,0,0,0,0,0,32
20,2,39,20,24,0,2,0,0,64,0,0,0,0,1,0,100,100,100,100,0,0,0,0,0,0,0,0,0,0,0,128,0,32
20,2,40,20,17,0,2,0,0,64,0,0,0,0,1,0,100,100,100,100,0,0,0,0,0,0,0,0,0,0,0,0,0,32
20,2,41,20,17,0,2,0,0,64,0,0,0,0,1,0,100,100,100,100,0,0,0,0,0,0,0,0,0,0,0,128,0,32
20,2,42,31,24,2,0,0,0,1,0,0,0,0,0,0,0,0,0,0,0,0,0,0,0,0,0,0,0,0,0,0,0,32
20,2,43,20,24,0,2,0,0,64,0,0,0,0,1,0,100,100,100,100,0,0,0,0,0,0,0,0,0,0,0,0,0,32
20,2,44,20,24,0,2,0,0,64,0,0,0,0,1,0,100,100,100,100,0,0,0,0,0,0,0,0,0,0,0,128,0,32
20,2,45,20,24,0,2,0,0,64,0,0,0,0,1,0,100,100,100,100,0,0,0,0,0,0,0,0,0,0,0,128,0,32
20,2,46,23,24,0,2,0,0,64,0,0,0,0,1,0,100,100,100,100,0,0,0,0,0,0,0,0,0,0,0,0,0,32
20,2,47,20,24,0,2,0,0,64,0,0,0,0,1,0,100,100,100,100,0,0,0,0,0,0,0,0,0,0,0,128,0,32
20,2,48,23,24,0,2,0,0,64,0,0,0,0,1,0,100,100,100,100,0,0,0,0,0,0,0,0,0,0,0,0,0,32
20,2,49,20,23,0,2,0,0,64,0,0,0,0,1,0,100,100,100,100,0,0,0,0,0,0,0,0,0,0,0,128,0,32
20,2,50,31,24,2,0,0,0,1,0,0,0,0,0,0,0,0,0,0,0,0,0,0,0,0,0,0,0,0,0,0,0,32
20,2,51,8,25,1,1,1,22,64,0,0,0,0,0,0,0,0,0,0,0,0,0,0,6,0,0,0,0,0,0,0,0,32
20,2,52,31,25,2,0,0,0,1,0,0,0,0,0,0,0,0,0,0,0,0,0,0,0,0,0,0,0,0,0,0,0,32
20,2,53,8,8,1,1,1,17,64,0,0,0,0,0,0,0,0,0,0,0,0,0,0,6,0,0,0,0,0,0,0,0,32
20,2,54,8,25,1,1,1,22,64,0,0,0,0,0,0,0,0,0,0,0,0,0,0,6,0,0,0,0,0,0,0,0,32
20,2,55,20,25,0,2,0,0,64,0,0,0,0,1,0,100,100,100,100,0,0,0,0,0,0,0,0,0,0,0,0,0,56
20,2,56,20,25,0,2,0,0,64,0,0,0,0,1,0,100,100,100,100,0,0,0,0,0,0,0,0,0,0,0,0,0,56
20,2,57,48,24,24,0,64,2,72,0,0,0,0,0,6,64,64,64,64,0,0,0,0,0,0,0,0,0,0,0,0,4,0
20,2,58,48,24,24,0,64,2,72,0,0,0,0,0,6,64,64,64,64,0,0,0,0,0,0,0,0,0,0,0,0,4,0
20,2,59,48,25,25,0,64,2,72,0,0,0,0,0,6,112,112,112,112,0,0,0,0,0,0,0,0,0,0,0,0,4,0
20,2,60,8,25,0,0,0,19,64,0,0,0,0,0,0,0,0,0,0,0,0,0,0,6,0,0,0,0,0,0,0,0,0
20,3,1,20,1,0,1,0,0,0,0,0,0,0,1,0,100,100,100,100,0,0,0,0,0,0,0,0,0,0,0,0,0,0
20,3,2,20,1,0,1,0,0,0,0,0,0,0,1,0,100,100,100,100,0,0,0,0,0,0,0,0,0,0,0,0,0,0
20,3,3,20,1,0,1,0,0,0,0,0,0,0,1,0,100,100,100,100,0,0,0,0,0,0,0,0,0,0,0,0,0,0
20,3,4,20,1,0,1,0,0,0,0,0,0,0,1,0,100,100,100,100,0,0,0,0,0,0,0,0,0,0,0,0,0,0
20,3,5,20,1,0,1,0,0,0,0,0,0,0,1,0,100,100,100,100,0,0,0,0,0,0,0,0,0,0,0,0,0,0
20,3,6,20,1,0,1,0,0,0,0,0,0,0,1,0,100,100,100,100,0,0,0,0,0,0,0,0,0,0,0,0,0,0
20,3,7,20,12,0,5,0,0,64,0,0,0,0,1,0,100,100,100,100,0,0,0,0,0,0,0,0,0,0,0,0,0,56
20,3,8,20,12,0,5,0,0,64,0,0,0,0,1,0,100,100,100,100,0,0,0,0,0,0,0,0,0,0,0,0,0,56
20,3,9,20,12,0,5,0,0,64,0,0,0,0,1,0,100,100,100,100,0,0,0,0,0,0,0,0,0,0,0,0,0,56
20,3,11,20,12,0,5,0,0,64,0,0,0,0,1,0,100,100,100,100,0,0,0,0,0,0,0,0,0,0,0,0,0,56
20,3,12,20,12,0,5,0,0,64,0,0,0,0,1,0,100,100,100,100,0,0,0,0,0,0,0,0,0,0,0,0,0,56
20,3,19,31,7,3,0,0,0,1,0,0,0,0,0,0,0,0,0,0,0,0,0,0,0,0,0,0,0,0,0,0,0,56
20,3,20,20,8,0,3,0,0,64,0,0,0,0,1,0,100,100,100,100,0,0,0,0,0,0,0,0,0,0,0,0,0,56
20,3,21,20,8,0,3,0,0,64,0,0,0,0,1,0,100,100,100,100,0,0,0,0,0,0,0,0,0,0,0,0,0,56
20,3,22,20,8,0,3,0,0,64,0,0,0,0,1,0,100,100,100,100,0,0,0,0,0,0,0,0,0,0,0,0,0,56
20,3,23,20,21,0,2,0,0,64,0,0,0,0,1,0,100,100,100,100,0,0,0,0,0,0,0,0,0,0,0,0,0,56
20,3,24,20,8,0,3,0,0,64,0,0,0,0,1,0,100,100,100,100,0,0,0,0,0,0,0,0,0,0,0,0,0,56
20,3,25,20,8,0,3,0,0,64,0,0,0,0,1,0,100,100,100,100,0,0,0,0,0,0,0,0,0,0,0,0,0,56
20,3,26,20,8,0,3,0,0,64,0,0,0,0,1,0,100,100,100,100,0,0,0,0,0,0,0,0,0,0,0,0,0,56
20,3,27,31,8,3,0,0,0,1,0,0,0,0,0,0,0,0,0,0,0,0,0,0,0,0,0,0,0,0,0,0,0,56
20,3,28,31,8,3,0,0,0,1,0,0,0,0,0,0,0,0,0,0,0,0,0,0,0,0,0,0,0,0,0,0,0,56
20,3,29,20,8,0,3,0,0,64,0,0,0,0,1,0,100,100,100,100,0,0,0,0,0,0,0,0,0,0,0,0,0,56
20,3,30,20,8,0,3,0,0,64,0,0,0,0,1,0,100,100,100,100,0,0,0,0,0,0,0,0,0,0,0,0,0,56
20,3,31,20,8,0,3,0,0,64,0,0,0,0,1,0,100,100,100,100,0,0,0,0,0,0,0,0,0,0,0,0,0,56
20,3,32,8,12,1,1,1,1,64,0,0,0,0,0,0,0,0,0,0,0,0,0,0,6,0,0,0,0,0,0,0,0,56
20,3,33,20,7,0,3,0,0,64,0,0,0,0,1,0,100,100,100,100,0,0,0,0,0,0,0,0,0,0,0,0,0,56
20,3,34,20,7,0,3,0,0,64,0,0,0,0,1,0,100,100,100,100,0,0,0,0,0,0,0,0,0,0,0,0,0,56
20,3,35,20,7,0,3,0,0,64,0,0,0,0,1,0,100,100,100,100,0,0,0,0,0,0,0,0,0,0,0,0,0,56
20,3,36,20,7,0,3,0,0,64,0,0,0,0,1,0,100,100,100,100,0,0,0,0,0,0,0,0,0,0,0,0,0,56
20,3,37,31,7,3,0,0,0,1,0,0,0,0,0,0,0,0,0,0,0,0,0,0,0,0,0,0,0,0,0,0,0,56
20,3,38,20,7,0,3,0,0,64,0,0,0,0,1,0,100,100,100,100,0,0,0,0,0,0,0,0,0,0,0,0,0,56
20,3,39,20,7,0,3,0,0,64,0,0,0,0,1,0,100,100,100,100,0,0,0,0,0,0,0,0,0,0,0,0,0,56
20,3,40,20,7,0,3,0,0,64,0,0,0,0,1,0,100,100,100,100,0,0,0,0,0,0,0,0,0,0,0,0,0,56
20,3,41,20,7,0,3,0,0,64,0,0,0,0,1,0,100,100,100,100,0,0,0,0,0,0,0,0,0,0,0,0,0,56
20,3,42,20,7,0,3,0,0,64,0,0,0,0,1,0,100,100,100,100,0,0,0,0,0,0,0,0,0,0,0,0,0,56
20,END,1,0,,,,,,,,,,,,,,,,,,,,,,,,,,,,,,
14,BEGIN,1,,,,,,,,,,,,,,,,,,,,,,,,,,,,,,,
14,2,1,0,0,1,0,0,1,0,0,1,0,0,0,0,0,1,1,1,1,0,0,0,0,0,0,0,0,0,0,,,
14,3,1,0,0,1,0,0,1,0,0,1,0,0,0,0,0,1,1,1,1,0,0,0,0,0,0,0,0,0,0,,,
14,4,1,0,0,1,0,0,1,0,0,1,0,0,0,0,0,1,1,1,1,0,0,0,0,0,0,0,0,0,0,,,
14,5,1,0,0,1,0,0,1,0,0,1,0,0,0,0,0,1,1,1,1,0,0,0,0,0,0,0,0,0,0,,,
14,6,1,0,0,1,0,0,1,0,0,1,0,0,0,0,0,1,1,1,1,0,0,0,0,0,0,0,0,0,0,,,
14,6,1,0,0,1,0,0,1,0,0,1,0,0,0,0,0,1,1,1,1,0,0,0,0,0,0,0,0,0,0,,,
14,END,1,0,,,,,,,,,,,,,,,,,,,,,,,,,,,,,,
15,BEGIN,1,,,,,,,,,,,,,,,,,,,,,,,,,,,,,,,
15,1,1,1,,,,,,,,,,,,,,,,,,,,,,,,,,,,,,
15,2,1,1,,,,,,,,,,,,,,,,,,,,,,,,,,,,,,
15,3,1,1,,,,,,,,,,,,,,,,,,,,,,,,,,,,,,
15,4,1,1,,,,,,,,,,,,,,,,,,,,,,,,,,,,,,
15,5,1,1,,,,,,,,,,,,,,,,,,,,,,,,,,,,,,
15,6,1,1,,,,,,,,,,,,,,,,,,,,,,,,,,,,,,
15,7,1,1,,,,,,,,,,,,,,,,,,,,,,,,,,,,,,
15,8,1,1,,,,,,,,,,,,,,,,,,,,,,,,,,,,,,
15,9,1,1,,,,,,,,,,,,,,,,,,,,,,,,,,,,,,
15,10,1,1,,,,,,,,,,,,,,,,,,,,,,,,,,,,,,
15,11,1,1,,,,,,,,,,,,,,,,,,,,,,,,,,,,,,
15,12,1,1,,,,,,,,,,,,,,,,,,,,,,,,,,,,,,
15,13,1,1,,,,,,,,,,,,,,,,,,,,,,,,,,,,,,
15,14,1,1,,,,,,,,,,,,,,,,,,,,,,,,,,,,,,
15,15,1,1,,,,,,,,,,,,,,,,,,,,,,,,,,,,,,
15,16,1,1,,,,,,,,,,,,,,,,,,,,,,,,,,,,,,
15,17,1,1,,,,,,,,,,,,,,,,,,,,,,,,,,,,,,
15,18,0,1,,,,,,,,,,,,,,,,,,,,,,,,,,,,,,
15,19,1,1,,,,,,,,,,,,,,,,,,,,,,,,,,,,,,
15,20,1,1,,,,,,,,,,,,,,,,,,,,,,,,,,,,,,
15,21,1,1,,,,,,,,,,,,,,,,,,,,,,,,,,,,,,
15,22,1,1,,,,,,,,,,,,,,,,,,,,,,,,,,,,,,
15,23,1,1,,,,,,,,,,,,,,,,,,,,,,,,,,,,,,
15,24,1,1,,,,,,,,,,,,,,,,,,,,,,,,,,,,,,
15,25,1,1,,,,,,,,,,,,,,,,,,,,,,,,,,,,,,
15,26,1,1,,,,,,,,,,,,,,,,,,,,,,,,,,,,,,
15,27,1,1,,,,,,,,,,,,,,,,,,,,,,,,,,,,,,
15,END,1,0,,,,,,,,,,,,,,,,,,,,,,,,,,,,,,
16,BEGIN,1,,,,,,,,,,,,,,,,,,,,,,,,,,,,,,,
16,641,22,23,19,,,,,,,,,,,,,,,,,,,,,,,,,,,,,
16,642,18,17,,,,,,,,,,,,,,,,,,,,,,,,,,,,,,
16,643,7,8,9,10,11,,,,,,,,,,,,,,,,,,,,,,,,,,,
16,644,22,23,24,25,26,1,19,,,,,,,,,,,,,,,,,,,,,,,,,
16,645,2,3,4,5,6,,,,,,,,,,,,,,,,,,,,,,,,,,,
16,END,1,0,,,,,,,,,,,,,,,,,,,,,,,,,,,,,,
40,BEGIN,1,,,,,,,,,,,,,,,,,,,,,,,,,,,,,,,
40,0,255,0,20,0,0,0,0,0,0,0,0,0,0,0,0,0,0,0,0,0,0,0,0,0,0,,,,,,,
40,1,240,0,10,0,0,0,0,0,0,0,0,0,0,0,0,0,0,0,0,0,0,0,0,0,0,,,,,,,
40,2,240,0,40,0,0,0,0,0,0,0,0,0,0,0,0,0,0,0,0,0,0,0,0,0,0,,,,,,,
40,3,255,300,10,0,0,0,0,0,0,0,0,0,0,0,0,0,0,0,0,0,0,0,0,0,0,,,,,,,
40,END,1,0,,,,,,,,,,,,,,,,,,,,,,,,,,,,,,
60,BEGIN,1,,,,,,,,,,,,,,,,,,,,,,,,,,,,,,,
60,0,0,0,0,0,0,0,0,0,0,0,0,0,0,0,0,0, ,,,,,,,,,,,,,,,
60,END,1,0,,,,,,,,,,,,,,,,,,,,,,,,,,,,,,
161,BEGIN,1,,,,,,,,,,,,,,,,,,,,,,,,,,,,,,,
161,END,1,0,,,,,,,,,,,,,,,,,,,,,,,,,,,,,,
154,BEGIN,1,,,,,,,,,,,,,,,,,,,,,,,,,,,,,,,
154,641,2,3,4,5,6,,,,,,,,,,,,,,,,,,,,,,,,,,,
154,END,1,0,,,,,,,,,,,,,,,,,,,,,,,,,,,,,,
2,BEGIN,1,,,,,,,,,,,,,,,,,,,,,,,,,,,,,,,
2,9,1,0,Panel Sounder 1        ,,,,,,,,,,,,,,,,,,,,,,,,,,,,,
2,9,1,1,Panel Sounder 1        ,,,,,,,,,,,,,,,,,,,,,,,,,,,,,
2,9,1,2,                       ,,,,,,,,,,,,,,,,,,,,,,,,,,,,,
2,9,1,3,                       ,,,,,,,,,,,,,,,,,,,,,,,,,,,,,
2,9,1,4,                       ,,,,,,,,,,,,,,,,,,,,,,,,,,,,,
2,9,2,0,Panel Relay 1          ,,,,,,,,,,,,,,,,,,,,,,,,,,,,,
2,9,2,1,Panel Relay 1          ,,,,,,,,,,,,,,,,,,,,,,,,,,,,,
2,9,2,2,                       ,,,,,,,,,,,,,,,,,,,,,,,,,,,,,
2,9,2,3,                       ,,,,,,,,,,,,,,,,,,,,,,,,,,,,,
2,9,2,4,                       ,,,,,,,,,,,,,,,,,,,,,,,,,,,,,
2,9,3,0,Keyswitch              ,,,,,,,,,,,,,,,,,,,,,,,,,,,,,
2,9,3,1,Keyswitch              ,,,,,,,,,,,,,,,,,,,,,,,,,,,,,
2,9,3,2,                       ,,,,,,,,,,,,,,,,,,,,,,,,,,,,,
2,9,3,3,                       ,,,,,,,,,,,,,,,,,,,,,,,,,,,,,
2,9,3,4,                       ,,,,,,,,,,,,,,,,,,,,,,,,,,,,,
2,9,4,0,PSU                    ,,,,,,,,,,,,,,,,,,,,,,,,,,,,,
2,9,4,1,PSU                    ,,,,,,,,,,,,,,,,,,,,,,,,,,,,,
2,9,4,2,                       ,,,,,,,,,,,,,,,,,,,,,,,,,,,,,
2,9,4,3,                       ,,,,,,,,,,,,,,,,,,,,,,,,,,,,,
2,9,4,4,                       ,,,,,,,,,,,,,,,,,,,,,,,,,,,,,
2,9,5,0,Fault Buzzer           ,,,,,,,,,,,,,,,,,,,,,,,,,,,,,
2,9,5,1,Fault Buzzer           ,,,,,,,,,,,,,,,,,,,,,,,,,,,,,
2,9,5,2,                       ,,,,,,,,,,,,,,,,,,,,,,,,,,,,,
2,9,5,3,                       ,,,,,,,,,,,,,,,,,,,,,,,,,,,,,
2,9,5,4,                       ,,,,,,,,,,,,,,,,,,,,,,,,,,,,,
2,9,6,0,Fault Relay            ,,,,,,,,,,,,,,,,,,,,,,,,,,,,,
2,9,6,1,Fault Relay            ,,,,,,,,,,,,,,,,,,,,,,,,,,,,,
2,9,6,2,                       ,,,,,,,,,,,,,,,,,,,,,,,,,,,,,
2,9,6,3,                       ,,,,,,,,,,,,,,,,,,,,,,,,,,,,,
2,9,6,4,                       ,,,,,,,,,,,,,,,,,,,,,,,,,,,,,
2,9,7,0,Event Log              ,,,,,,,,,,,,,,,,,,,,,,,,,,,,,
2,9,7,1,Event Log              ,,,,,,,,,,,,,,,,,,,,,,,,,,,,,
2,9,7,2,                       ,,,,,,,,,,,,,,,,,,,,,,,,,,,,,
2,9,7,3,                       ,,,,,,,,,,,,,,,,,,,,,,,,,,,,,
2,9,7,4,                       ,,,,,,,,,,,,,,,,,,,,,,,,,,,,,
2,9,8,0,Panel                  ,,,,,,,,,,,,,,,,,,,,,,,,,,,,,
2,9,8,1,Panel                  ,,,,,,,,,,,,,,,,,,,,,,,,,,,,,
2,9,8,2,                       ,,,,,,,,,,,,,,,,,,,,,,,,,,,,,
2,9,8,3,                       ,,,,,,,,,,,,,,,,,,,,,,,,,,,,,
2,9,8,4,                       ,,,,,,,,,,,,,,,,,,,,,,,,,,,,,
2,9,9,0,Touch Panel            ,,,,,,,,,,,,,,,,,,,,,,,,,,,,,
2,9,9,1,Touch Panel            ,,,,,,,,,,,,,,,,,,,,,,,,,,,,,
2,9,9,2,                       ,,,,,,,,,,,,,,,,,,,,,,,,,,,,,
2,9,9,3,                       ,,,,,,,,,,,,,,,,,,,,,,,,,,,,,
2,9,9,4,                       ,,,,,,,,,,,,,,,,,,,,,,,,,,,,,
2,9,10,0,Mon IP 1               ,,,,,,,,,,,,,,,,,,,,,,,,,,,,,
2,9,10,1,Mon IP 1               ,,,,,,,,,,,,,,,,,,,,,,,,,,,,,
2,9,10,2,                       ,,,,,,,,,,,,,,,,,,,,,,,,,,,,,
2,9,10,3,                       ,,,,,,,,,,,,,,,,,,,,,,,,,,,,,
2,9,10,4,                       ,,,,,,,,,,,,,,,,,,,,,,,,,,,,,
2,9,11,0,Mon IP 2               ,,,,,,,,,,,,,,,,,,,,,,,,,,,,,
2,9,11,1,Mon IP 2               ,,,,,,,,,,,,,,,,,,,,,,,,,,,,,
2,9,11,2,                       ,,,,,,,,,,,,,,,,,,,,,,,,,,,,,
2,9,11,3,                       ,,,,,,,,,,,,,,,,,,,,,,,,,,,,,
2,9,11,4,                       ,,,,,,,,,,,,,,,,,,,,,,,,,,,,,
2,9,12,0,Aux 24V Fuse           ,,,,,,,,,,,,,,,,,,,,,,,,,,,,,
2,9,12,1,Aux 24V Fuse           ,,,,,,,,,,,,,,,,,,,,,,,,,,,,,
2,9,12,2,                       ,,,,,,,,,,,,,,,,,,,,,,,,,,,,,
2,9,12,3,                       ,,,,,,,,,,,,,,,,,,,,,,,,,,,,,
2,9,12,4,                       ,,,,,,,,,,,,,,,,,,,,,,,,,,,,,
2,1,1,0,CORRIDOR BY MEET RM 4  ,,,,,,,,,,,,,,,,,,,,,,,,,,,,,
2,1,1,1,CORRIDOR BY MEET RM 4  ,,,,,,,,,,,,,,,,,,,,,,,,,,,,,
2,1,1,2,CORRIDOR BY MEET RM 4  ,,,,,,,,,,,,,,,,,,,,,,,,,,,,,
2,1,1,3,                       ,,,,,,,,,,,,,,,,,,,,,,,,,,,,,
2,1,1,4,                       ,,,,,,,,,,,,,,,,,,,,,,,,,,,,,
2,1,2,0,MEETING ROOM 5         ,,,,,,,,,,,,,,,,,,,,,,,,,,,,,
2,1,2,1,MEETING ROOM 5         ,,,,,,,,,,,,,,,,,,,,,,,,,,,,,
2,1,2,2,MEETING ROOM 5         ,,,,,,,,,,,,,,,,,,,,,,,,,,,,,
2,1,2,3,                       ,,,,,,,,,,,,,,,,,,,,,,,,,,,,,
2,1,2,4,                       ,,,,,,,,,,,,,,,,,,,,,,,,,,,,,
2,1,3,0,BEHIND MEETING RM 5    ,,,,,,,,,,,,,,,,,,,,,,,,,,,,,
2,1,3,1,BEHIND MEETING RM 5    ,,,,,,,,,,,,,,,,,,,,,,,,,,,,,
2,1,3,2,BEHIND MEETING RM 5    ,,,,,,,,,,,,,,,,,,,,,,,,,,,,,
2,1,3,3,                       ,,,,,,,,,,,,,,,,,,,,,,,,,,,,,
2,1,3,4,                       ,,,,,,,,,,,,,,,,,,,,,,,,,,,,,
2,1,4,0,MEETING ROOM 1         ,,,,,,,,,,,,,,,,,,,,,,,,,,,,,
2,1,4,1,MEETING ROOM 1         ,,,,,,,,,,,,,,,,,,,,,,,,,,,,,
2,1,4,2,MEETING ROOM 1         ,,,,,,,,,,,,,,,,,,,,,,,,,,,,,
2,1,4,3,                       ,,,,,,,,,,,,,,,,,,,,,,,,,,,,,
2,1,4,4,                       ,,,,,,,,,,,,,,,,,,,,,,,,,,,,,
2,1,5,0,STORE RM BY MEET RM 1  ,,,,,,,,,,,,,,,,,,,,,,,,,,,,,
2,1,5,1,STORE RM BY MEET RM 1  ,,,,,,,,,,,,,,,,,,,,,,,,,,,,,
2,1,5,2,STORE RM BY MEET RM 1  ,,,,,,,,,,,,,,,,,,,,,,,,,,,,,
2,1,5,3,                       ,,,,,,,,,,,,,,,,,,,,,,,,,,,,,
2,1,5,4,                       ,,,,,,,,,,,,,,,,,,,,,,,,,,,,,
2,1,6,0,STORE ROOM             ,,,,,,,,,,,,,,,,,,,,,,,,,,,,,
2,1,6,1,RECEPTION DOOR         ,,,,,,,,,,,,,,,,,,,,,,,,,,,,,
2,1,6,2,STORE ROOM             ,,,,,,,,,,,,,,,,,,,,,,,,,,,,,
2,1,6,3,STORE ROOM             ,,,,,,,,,,,,,,,,,,,,,,,,,,,,,
2,1,6,4,STORE ROOM             ,,,,,,,,,,,,,,,,,,,,,,,,,,,,,
2,1,7,0,RECEPTION              ,,,,,,,,,,,,,,,,,,,,,,,,,,,,,
2,1,7,1,RECEPTION              ,,,,,,,,,,,,,,,,,,,,,,,,,,,,,
2,1,7,2,RECEPTION              ,,,,,,,,,,,,,,,,,,,,,,,,,,,,,
2,1,7,3,                       ,,,,,,,,,,,,,,,,,,,,,,,,,,,,,
2,1,7,4,                       ,,,,,,,,,,,,,,,,,,,,,,,,,,,,,
2,1,8,0,BEHIND RECEPTION       ,,,,,,,,,,,,,,,,,,,,,,,,,,,,,
2,1,8,1,BEHIND RECEPTION       ,,,,,,,,,,,,,,,,,,,,,,,,,,,,,
2,1,8,2,BEHIND RECEPTION       ,,,,,,,,,,,,,,,,,,,,,,,,,,,,,
2,1,8,3,                       ,,,,,,,,,,,,,,,,,,,,,,,,,,,,,
2,1,8,4,                       ,,,,,,,,,,,,,,,,,,,,,,,,,,,,,
2,1,9,0,RECEPTION BY LIFT      ,,,,,,,,,,,,,,,,,,,,,,,,,,,,,
2,1,9,1,RECEPTION BY LIFT      ,,,,,,,,,,,,,,,,,,,,,,,,,,,,,
2,1,9,2,RECEPTION BY LIFT      ,,,,,,,,,,,,,,,,,,,,,,,,,,,,,
2,1,9,3,                       ,,,,,,,,,,,,,,,,,,,,,,,,,,,,,
2,1,9,4,                       ,,,,,,,,,,,,,,,,,,,,,,,,,,,,,
2,1,10,0,RECEPTION ENTRANCE     ,,,,,,,,,,,,,,,,,,,,,,,,,,,,,
2,1,10,1,RECEPTION ENTRANCE     ,,,,,,,,,,,,,,,,,,,,,,,,,,,,,
2,1,10,2,                       ,,,,,,,,,,,,,,,,,,,,,,,,,,,,,
2,1,10,3,                       ,,,,,,,,,,,,,,,,,,,,,,,,,,,,,
2,1,10,4,                       ,,,,,,,,,,,,,,,,,,,,,,,,,,,,,
2,1,11,0,CLEANERS STORE         ,,,,,,,,,,,,,,,,,,,,,,,,,,,,,
2,1,11,1,CLEANERS STORE         ,,,,,,,,,,,,,,,,,,,,,,,,,,,,,
2,1,11,2,CLEANERS STORE         ,,,,,,,,,,,,,,,,,,,,,,,,,,,,,
2,1,11,3,                       ,,,,,,,,,,,,,,,,,,,,,,,,,,,,,
2,1,11,4,                       ,,,,,,,,,,,,,,,,,,,,,,,,,,,,,
2,1,12,0,FEMALE WC              ,,,,,,,,,,,,,,,,,,,,,,,,,,,,,
2,1,12,1,FEMALE WC              ,,,,,,,,,,,,,,,,,,,,,,,,,,,,,
2,1,12,2,FEMALE WC              ,,,,,,,,,,,,,,,,,,,,,,,,,,,,,
2,1,12,3,                       ,,,,,,,,,,,,,,,,,,,,,,,,,,,,,
2,1,12,4,                       ,,,,,,,,,,,,,,,,,,,,,,,,,,,,,
2,1,13,0,CORRIDOR BY UTILITY RM ,,,,,,,,,,,,,,,,,,,,,,,,,,,,,
2,1,13,1,CORRIDOR BY UTILITY RM ,,,,,,,,,,,,,,,,,,,,,,,,,,,,,
2,1,13,2,CORRIDOR BY UTILITY RM ,,,,,,,,,,,,,,,,,,,,,,,,,,,,,
2,1,13,3,                       ,,,,,,,,,,,,,,,,,,,,,,,,,,,,,
2,1,13,4,                       ,,,,,,,,,,,,,,,,,,,,,,,,,,,,,
2,1,14,0,MALE WC                ,,,,,,,,,,,,,,,,,,,,,,,,,,,,,
2,1,14,1,MALE WC                ,,,,,,,,,,,,,,,,,,,,,,,,,,,,,
2,1,14,2,MALE WC                ,,,,,,,,,,,,,,,,,,,,,,,,,,,,,
2,1,14,3,                       ,,,,,,,,,,,,,,,,,,,,,,,,,,,,,
2,1,14,4,                       ,,,,,,,,,,,,,,,,,,,,,,,,,,,,,
2,1,15,0,EXIT BY UTILITY ROOM   ,,,,,,,,,,,,,,,,,,,,,,,,,,,,,
2,1,15,1,EXIT BY UTILITY ROOM   ,,,,,,,,,,,,,,,,,,,,,,,,,,,,,
2,1,15,2,                       ,,,,,,,,,,,,,,,,,,,,,,,,,,,,,
2,1,15,3,                       ,,,,,,,,,,,,,,,,,,,,,,,,,,,,,
2,1,15,4,                       ,,,,,,,,,,,,,,,,,,,,,,,,,,,,,
2,1,16,0,LOBBY TO MAIN STORES   ,,,,,,,,,,,,,,,,,,,,,,,,,,,,,
2,1,16,1,DOOR ACCESS            ,,,,,,,,,,,,,,,,,,,,,,,,,,,,,
2,1,16,2,LOBBY TO MAIN STORES   ,,,,,,,,,,,,,,,,,,,,,,,,,,,,,
2,1,16,3,LOBBY TO MAIN STORES   ,,,,,,,,,,,,,,,,,,,,,,,,,,,,,
2,1,16,4,LOBBY TO MAIN STORES   ,,,,,,,,,,,,,,,,,,,,,,,,,,,,,
2,1,17,0,LOBBY TO MAIN STORES   ,,,,,,,,,,,,,,,,,,,,,,,,,,,,,
2,1,17,1,LOBBY TO MAIN STORES   ,,,,,,,,,,,,,,,,,,,,,,,,,,,,,
2,1,17,2,LOBBY TO MAIN STORES   ,,,,,,,,,,,,,,,,,,,,,,,,,,,,,
2,1,17,3,                       ,,,,,,,,,,,,,,,,,,,,,,,,,,,,,
2,1,17,4,                       ,,,,,,,,,,,,,,,,,,,,,,,,,,,,,
2,1,19,0,UTILITY ROOM           ,,,,,,,,,,,,,,,,,,,,,,,,,,,,,
2,1,19,1,UTILITY ROOM           ,,,,,,,,,,,,,,,,,,,,,,,,,,,,,
2,1,19,2,UTILITY ROOM           ,,,,,,,,,,,,,,,,,,,,,,,,,,,,,
2,1,19,3,                       ,,,,,,,,,,,,,,,,,,,,,,,,,,,,,
2,1,19,4,                       ,,,,,,,,,,,,,,,,,,,,,,,,,,,,,
2,1,20,0,DISABLED WC SHOWER     ,,,,,,,,,,,,,,,,,,,,,,,,,,,,,
2,1,20,1,DISABLED WC SHOWER     ,,,,,,,,,,,,,,,,,,,,,,,,,,,,,
2,1,20,2,DISABLED WC SHOWER     ,,,,,,,,,,,,,,,,,,,,,,,,,,,,,
2,1,20,3,                       ,,,,,,,,,,,,,,,,,,,,,,,,,,,,,
2,1,20,4,                       ,,,,,,,,,,,,,,,,,,,,,,,,,,,,,
2,1,21,0,UTILITY ROOM EXIT      ,,,,,,,,,,,,,,,,,,,,,,,,,,,,,
2,1,21,1,UTILITY ROOM EXIT      ,,,,,,,,,,,,,,,,,,,,,,,,,,,,,
2,1,21,2,                       ,,,,,,,,,,,,,,,,,,,,,,,,,,,,,
2,1,21,3,                       ,,,,,,,,,,,,,,,,,,,,,,,,,,,,,
2,1,21,4,                       ,,,,,,,,,,,,,,,,,,,,,,,,,,,,,
2,1,22,0,MEETING ROOM 4         ,,,,,,,,,,,,,,,,,,,,,,,,,,,,,
2,1,22,1,MEETING ROOM 4         ,,,,,,,,,,,,,,,,,,,,,,,,,,,,,
2,1,22,2,MEETING ROOM 4         ,,,,,,,,,,,,,,,,,,,,,,,,,,,,,
2,1,22,3,                       ,,,,,,,,,,,,,,,,,,,,,,,,,,,,,
2,1,22,4,                       ,,,,,,,,,,,,,,,,,,,,,,,,,,,,,
2,1,23,0,LOBBY TO GOODS IN      ,,,,,,,,,,,,,,,,,,,,,,,,,,,,,
2,1,23,1,LOBBY TO GOODS IN      ,,,,,,,,,,,,,,,,,,,,,,,,,,,,,
2,1,23,2,LOBBY TO GOODS IN      ,,,,,,,,,,,,,,,,,,,,,,,,,,,,,
2,1,23,3,                       ,,,,,,,,,,,,,,,,,,,,,,,,,,,,,
2,1,23,4,                       ,,,,,,,,,,,,,,,,,,,,,,,,,,,,,
2,1,24,0,LOBBY TO GOODS IN      ,,,,,,,,,,,,,,,,,,,,,,,,,,,,,
2,1,24,1,DOOR ACCESS            ,,,,,,,,,,,,,,,,,,,,,,,,,,,,,
2,1,24,2,Loop 1-   Device    24/2,,,,,,,,,,,,,,,,,,,,,,,,,,,,,
2,1,24,3,Loop 1-   Device    24/3,,,,,,,,,,,,,,,,,,,,,,,,,,,,,
2,1,24,4,LOBBY TO GOODS IN      ,,,,,,,,,,,,,,,,,,,,,,,,,,,,,
2,1,25,0,FEMALE WC              ,,,,,,,,,,,,,,,,,,,,,,,,,,,,,
2,1,25,1,FEMALE WC              ,,,,,,,,,,,,,,,,,,,,,,,,,,,,,
2,1,25,2,FEMALE WC              ,,,,,,,,,,,,,,,,,,,,,,,,,,,,,
2,1,25,3,                       ,,,,,,,,,,,,,,,,,,,,,,,,,,,,,
2,1,25,4,                       ,,,,,,,,,,,,,,,,,,,,,,,,,,,,,
2,1,26,0,CORRIDOR BY WC'S       ,,,,,,,,,,,,,,,,,,,,,,,,,,,,,
2,1,26,1,CORRIDOR BY WC'S       ,,,,,,,,,,,,,,,,,,,,,,,,,,,,,
2,1,26,2,CORRIDOR BY WC'S       ,,,,,,,,,,,,,,,,,,,,,,,,,,,,,
2,1,26,3,                       ,,,,,,,,,,,,,,,,,,,,,,,,,,,,,
2,1,26,4,                       ,,,,,,,,,,,,,,,,,,,,,,,,,,,,,
2,1,27,0,MEETING ROOM 2         ,,,,,,,,,,,,,,,,,,,,,,,,,,,,,
2,1,27,1,MEETING ROOM 2         ,,,,,,,,,,,,,,,,,,,,,,,,,,,,,
2,1,27,2,MEETING ROOM 2         ,,,,,,,,,,,,,,,,,,,,,,,,,,,,,
2,1,27,3,                       ,,,,,,,,,,,,,,,,,,,,,,,,,,,,,
2,1,27,4,                       ,,,,,,,,,,,,,,,,,,,,,,,,,,,,,
2,1,28,0,MALE WC                ,,,,,,,,,,,,,,,,,,,,,,,,,,,,,
2,1,28,1,Loop 1-   Device    28/1,,,,,,,,,,,,,,,,,,,,,,,,,,,,,
2,1,28,2,MALE WC                ,,,,,,,,,,,,,,,,,,,,,,,,,,,,,
2,1,28,3,                       ,,,,,,,,,,,,,,,,,,,,,,,,,,,,,
2,1,28,4,                       ,,,,,,,,,,,,,,,,,,,,,,,,,,,,,
2,1,29,0,SERVERY / FOOD PREP    ,,,,,,,,,,,,,,,,,,,,,,,,,,,,,
2,1,29,1,SERVERY / FOOD PREP    ,,,,,,,,,,,,,,,,,,,,,,,,,,,,,
2,1,29,2,SERVERY / FOOD PREP    ,,,,,,,,,,,,,,,,,,,,,,,,,,,,,
2,1,29,3,                       ,,,,,,,,,,,,,,,,,,,,,,,,,,,,,
2,1,29,4,                       ,,,,,,,,,,,,,,,,,,,,,,,,,,,,,
2,1,30,0,SERVERY EXIT           ,,,,,,,,,,,,,,,,,,,,,,,,,,,,,
2,1,30,1,SERVERY EXIT           ,,,,,,,,,,,,,,,,,,,,,,,,,,,,,
2,1,30,2,                       ,,,,,,,,,,,,,,,,,,,,,,,,,,,,,
2,1,30,3,                       ,,,,,,,,,,,,,,,,,,,,,,,,,,,,,
2,1,30,4,                       ,,,,,,,,,,,,,,,,,,,,,,,,,,,,,
2,1,31,0,CORRIDOR BY MEETING RM 3,,,,,,,,,,,,,,,,,,,,,,,,,,,,,
2,1,31,1,CORRIDOR BY MEETING RM 3,,,,,,,,,,,,,,,,,,,,,,,,,,,,,
2,1,31,2,CORRIDOR BY MEETING RM 3,,,,,,,,,,,,,,,,,,,,,,,,,,,,,
2,1,31,3,                       ,,,,,,,,,,,,,,,,,,,,,,,,,,,,,
2,1,31,4,                       ,,,,,,,,,,,,,,,,,,,,,,,,,,,,,
2,1,32,0,FURNITURE STORE        ,,,,,,,,,,,,,,,,,,,,,,,,,,,,,
2,1,32,1,FURNITURE STORE        ,,,,,,,,,,,,,,,,,,,,,,,,,,,,,
2,1,32,2,FURNITURE STORE        ,,,,,,,,,,,,,,,,,,,,,,,,,,,,,
2,1,32,3,                       ,,,,,,,,,,,,,,,,,,,,,,,,,,,,,
2,1,32,4,                       ,,,,,,,,,,,,,,,,,,,,,,,,,,,,,
2,1,33,0,MEETING ROOM 3         ,,,,,,,,,,,,,,,,,,,,,,,,,,,,,
2,1,33,1,MEETING ROOM 3         ,,,,,,,,,,,,,,,,,,,,,,,,,,,,,
2,1,33,2,MEETING ROOM 3         ,,,,,,,,,,,,,,,,,,,,,,,,,,,,,
2,1,33,3,                       ,,,,,,,,,,,,,,,,,,,,,,,,,,,,,
2,1,33,4,                       ,,,,,,,,,,,,,,,,,,,,,,,,,,,,,
2,1,34,0,PLANT ROOM EXIT        ,,,,,,,,,,,,,,,,,,,,,,,,,,,,,
2,1,34,1,PLANT ROOM EXIT        ,,,,,,,,,,,,,,,,,,,,,,,,,,,,,
2,1,34,2,                       ,,,,,,,,,,,,,,,,,,,,,,,,,,,,,
2,1,34,3,                       ,,,,,,,,,,,,,,,,,,,,,,,,,,,,,
2,1,34,4,                       ,,,,,,,,,,,,,,,,,,,,,,,,,,,,,
2,1,35,0,EXIT LOBBY BY PLANT RM ,,,,,,,,,,,,,,,,,,,,,,,,,,,,,
2,1,35,1,EXIT LOBBY BY PLANT RM ,,,,,,,,,,,,,,,,,,,,,,,,,,,,,
2,1,35,2,EXIT LOBBY BY PLANT RM ,,,,,,,,,,,,,,,,,,,,,,,,,,,,,
2,1,35,3,                       ,,,,,,,,,,,,,,,,,,,,,,,,,,,,,
2,1,35,4,                       ,,,,,,,,,,,,,,,,,,,,,,,,,,,,,
2,1,36,0,EXIT LOBBY BY PLANT RM ,,,,,,,,,,,,,,,,,,,,,,,,,,,,,
2,1,36,1,EXIT LOBBY BY PLANT RM ,,,,,,,,,,,,,,,,,,,,,,,,,,,,,
2,1,36,2,                       ,,,,,,,,,,,,,,,,,,,,,,,,,,,,,
2,1,36,3,                       ,,,,,,,,,,,,,,,,,,,,,,,,,,,,,
2,1,36,4,                       ,,,,,,,,,,,,,,,,,,,,,,,,,,,,,
2,1,37,0,GROUND FLOOR           ,,,,,,,,,,,,,,,,,,,,,,,,,,,,,
2,1,37,1,GROUND FLOOR           ,,,,,,,,,,,,,,,,,,,,,,,,,,,,,
2,1,37,2,GROUND FLOOR           ,,,,,,,,,,,,,,,,,,,,,,,,,,,,,
2,1,37,3,                       ,,,,,,,,,,,,,,,,,,,,,,,,,,,,,
2,1,37,4,                       ,,,,,,,,,,,,,,,,,,,,,,,,,,,,,
2,1,38,0,BEHIND MALE WC         ,,,,,,,,,,,,,,,,,,,,,,,,,,,,,
2,1,38,1,BEHIND MALE WC         ,,,,,,,,,,,,,,,,,,,,,,,,,,,,,
2,1,38,2,BEHIND MALE WC         ,,,,,,,,,,,,,,,,,,,,,,,,,,,,,
2,1,38,3,                       ,,,,,,,,,,,,,,,,,,,,,,,,,,,,,
2,1,38,4,                       ,,,,,,,,,,,,,,,,,,,,,,,,,,,,,
2,1,39,0,BEHIND PLANT ROOM      ,,,,,,,,,,,,,,,,,,,,,,,,,,,,,
2,1,39,1,BEHIND PLANT ROOM      ,,,,,,,,,,,,,,,,,,,,,,,,,,,,,
2,1,39,2,BEHIND PLANT ROOM      ,,,,,,,,,,,,,,,,,,,,,,,,,,,,,
2,1,39,3,                       ,,,,,,,,,,,,,,,,,,,,,,,,,,,,,
2,1,39,4,                       ,,,,,,,,,,,,,,,,,,,,,,,,,,,,,
2,1,40,0,PLANT ROOM             ,,,,,,,,,,,,,,,,,,,,,,,,,,,,,
2,1,40,1,PLANT ROOM             ,,,,,,,,,,,,,,,,,,,,,,,,,,,,,
2,1,40,2,PLANT ROOM             ,,,,,,,,,,,,,,,,,,,,,,,,,,,,,
2,1,40,3,                       ,,,,,,,,,,,,,,,,,,,,,,,,,,,,,
2,1,40,4,                       ,,,,,,,,,,,,,,,,,,,,,,,,,,,,,
2,1,41,0,MEETING ROOM 1         ,,,,,,,,,,,,,,,,,,,,,,,,,,,,,
2,1,41,1,PA SHUTDOWN            ,,,,,,,,,,,,,,,,,,,,,,,,,,,,,
2,1,41,2,MEETING ROOM 1         ,,,,,,,,,,,,,,,,,,,,,,,,,,,,,
2,1,41,3,MEETING ROOM 1         ,,,,,,,,,,,,,,,,,,,,,,,,,,,,,
2,1,41,4,MEETING ROOM 1         ,,,,,,,,,,,,,,,,,,,,,,,,,,,,,
2,1,42,0,GROUND FLOOR           ,,,,,,,,,,,,,,,,,,,,,,,,,,,,,
2,1,42,1,EXTERNAL FRONT GATE    ,,,,,,,,,,,,,,,,,,,,,,,,,,,,,
2,1,42,2,GROUND FLOOR           ,,,,,,,,,,,,,,,,,,,,,,,,,,,,,
2,1,42,3,GROUND FLOOR           ,,,,,,,,,,,,,,,,,,,,,,,,,,,,,
2,1,42,4,GROUND FLOOR           ,,,,,,,,,,,,,,,,,,,,,,,,,,,,,
2,1,43,0,MEETING ROOM 2         ,,,,,,,,,,,,,,,,,,,,,,,,,,,,,
2,1,43,1,PA SHUTDOWN            ,,,,,,,,,,,,,,,,,,,,,,,,,,,,,
2,1,43,2,MEETING ROOM 2         ,,,,,,,,,,,,,,,,,,,,,,,,,,,,,
2,1,43,3,MEETING ROOM 2         ,,,,,,,,,,,,,,,,,,,,,,,,,,,,,
2,1,43,4,MEETING ROOM 2         ,,,,,,,,,,,,,,,,,,,,,,,,,,,,,
2,1,44,0,MEETING ROOM 3         ,,,,,,,,,,,,,,,,,,,,,,,,,,,,,
2,1,44,1,PA SHUTDOWN            ,,,,,,,,,,,,,,,,,,,,,,,,,,,,,
2,1,44,2,MEETING ROOM 3         ,,,,,,,,,,,,,,,,,,,,,,,,,,,,,
2,1,44,3,MEETING ROOM 3         ,,,,,,,,,,,,,,,,,,,,,,,,,,,,,
2,1,44,4,MEETING ROOM 3         ,,,,,,,,,,,,,,,,,,,,,,,,,,,,,
2,1,45,0,CORRIDOR BY PLANT RM   ,,,,,,,,,,,,,,,,,,,,,,,,,,,,,
2,1,45,1,PLANT RM DOOR          ,,,,,,,,,,,,,,,,,,,,,,,,,,,,,
2,1,45,2,CORRIDOR BY PLANT RM   ,,,,,,,,,,,,,,,,,,,,,,,,,,,,,
2,1,45,3,CORRIDOR BY PLANT RM   ,,,,,,,,,,,,,,,,,,,,,,,,,,,,,
2,1,45,4,CORRIDOR BY PLANT RM   ,,,,,,,,,,,,,,,,,,,,,,,,,,,,,
2,1,46,0,MALE WC                ,,,,,,,,,,,,,,,,,,,,,,,,,,,,,
2,1,46,1,MALE WC                ,,,,,,,,,,,,,,,,,,,,,,,,,,,,,
2,1,46,2,MALE WC                ,,,,,,,,,,,,,,,,,,,,,,,,,,,,,
2,1,46,3,                       ,,,,,,,,,,,,,,,,,,,,,,,,,,,,,
2,1,46,4,                       ,,,,,,,,,,,,,,,,,,,,,,,,,,,,,
2,1,47,0,FEMALE WC              ,,,,,,,,,,,,,,,,,,,,,,,,,,,,,
2,1,47,1,FEMALE WC              ,,,,,,,,,,,,,,,,,,,,,,,,,,,,,
2,1,47,2,FEMALE WC              ,,,,,,,,,,,,,,,,,,,,,,,,,,,,,
2,1,47,3,                       ,,,,,,,,,,,,,,,,,,,,,,,,,,,,,
2,1,47,4,                       ,,,,,,,,,,,,,,,,,,,,,,,,,,,,,
2,1,48,0,FEMALE WC              ,,,,,,,,,,,,,,,,,,,,,,,,,,,,,
2,1,48,1,Loop 1-   Device    48/1,,,,,,,,,,,,,,,,,,,,,,,,,,,,,
2,1,48,2,FEMALE WC              ,,,,,,,,,,,,,,,,,,,,,,,,,,,,,
2,1,48,3,                       ,,,,,,,,,,,,,,,,,,,,,,,,,,,,,
2,1,48,4,                       ,,,,,,,,,,,,,,,,,,,,,,,,,,,,,
2,1,49,0,MALE WC                ,,,,,,,,,,,,,,,,,,,,,,,,,,,,,
2,1,49,0,MALE WC                ,,,,,,,,,,,,,,,,,,,,,,,,,,,,,
2,1,49,1,Loop 1-   Device    49/1,,,,,,,,,,,,,,,,,,,,,,,,,,,,,
2,1,49,2,MALE WC                ,,,,,,,,,,,,,,,,,,,,,,,,,,,,,
2,1,49,3,                       ,,,,,,,,,,,,,,,,,,,,,,,,,,,,,
2,1,49,4,                       ,,,,,,,,,,,,,,,,,,,,,,,,,,,,,
2,1,50,0,DISABLED WC            ,,,,,,,,,,,,,,,,,,,,,,,,,,,,,
2,1,50,1,Loop 1-   Device    50/1,,,,,,,,,,,,,,,,,,,,,,,,,,,,,
2,1,50,2,DISABLED WC            ,,,,,,,,,,,,,,,,,,,,,,,,,,,,,
2,1,50,3,                       ,,,,,,,,,,,,,,,,,,,,,,,,,,,,,
2,1,50,4,                       ,,,,,,,,,,,,,,,,,,,,,,,,,,,,,
2,1,115,0,VA RACK                ,,,,,,,,,,,,,,,,,,,,,,,,,,,,,
2,1,115,1,VA ALERT MAIN OFFICES  ,,,,,,,,,,,,,,,,,,,,,,,,,,,,,
2,1,115,2,VA RACK                ,,,,,,,,,,,,,,,,,,,,,,,,,,,,,
2,1,115,3,VA RACK                ,,,,,,,,,,,,,,,,,,,,,,,,,,,,,
2,1,115,4,VA RACK                ,,,,,,,,,,,,,,,,,,,,,,,,,,,,,
2,1,116,0,VA RACK                ,,,,,,,,,,,,,,,,,,,,,,,,,,,,,
2,1,116,1,VA ALERT PRODUCTION    ,,,,,,,,,,,,,,,,,,,,,,,,,,,,,
2,1,116,2,VA RACK                ,,,,,,,,,,,,,,,,,,,,,,,,,,,,,
2,1,116,3,VA RACK                ,,,,,,,,,,,,,,,,,,,,,,,,,,,,,
2,1,116,4,VA RACK                ,,,,,,,,,,,,,,,,,,,,,,,,,,,,,
2,1,117,0,VA RACK                ,,,,,,,,,,,,,,,,,,,,,,,,,,,,,
2,1,117,1,VA ALERT WAREHOUSE     ,,,,,,,,,,,,,,,,,,,,,,,,,,,,,
2,1,117,2,VA RACK                ,,,,,,,,,,,,,,,,,,,,,,,,,,,,,
2,1,117,3,VA RACK                ,,,,,,,,,,,,,,,,,,,,,,,,,,,,,
2,1,117,4,VA RACK                ,,,,,,,,,,,,,,,,,,,,,,,,,,,,,
2,1,118,0,VA RACK                ,,,,,,,,,,,,,,,,,,,,,,,,,,,,,
2,1,118,1,VA ALERT GOODS IN / STOR,,,,,,,,,,,,,,,,,,,,,,,,,,,,,
2,1,118,2,VA RACK                ,,,,,,,,,,,,,,,,,,,,,,,,,,,,,
2,1,118,3,VA RACK                ,,,,,,,,,,,,,,,,,,,,,,,,,,,,,
2,1,118,4,VA RACK                ,,,,,,,,,,,,,,,,,,,,,,,,,,,,,
2,1,119,0,VA RACK                ,,,,,,,,,,,,,,,,,,,,,,,,,,,,,
2,1,119,1,VA ALERT PRODUCTION OFFI,,,,,,,,,,,,,,,,,,,,,,,,,,,,,
2,1,119,2,VA RACK                ,,,,,,,,,,,,,,,,,,,,,,,,,,,,,
2,1,119,3,VA RACK                ,,,,,,,,,,,,,,,,,,,,,,,,,,,,,
2,1,119,4,VA RACK                ,,,,,,,,,,,,,,,,,,,,,,,,,,,,,
2,1,120,0,VA RACK                ,,,,,,,,,,,,,,,,,,,,,,,,,,,,,
2,1,120,1,VA EVAC MAIN OFFICES   ,,,,,,,,,,,,,,,,,,,,,,,,,,,,,
2,1,120,2,VA RACK                ,,,,,,,,,,,,,,,,,,,,,,,,,,,,,
2,1,120,3,VA RACK                ,,,,,,,,,,,,,,,,,,,,,,,,,,,,,
2,1,120,4,VA RACK                ,,,,,,,,,,,,,,,,,,,,,,,,,,,,,
2,1,121,0,VA RACK                ,,,,,,,,,,,,,,,,,,,,,,,,,,,,,
2,1,121,1,VA EVAC PRODUCTION     ,,,,,,,,,,,,,,,,,,,,,,,,,,,,,
2,1,121,2,VA RACK                ,,,,,,,,,,,,,,,,,,,,,,,,,,,,,
2,1,121,3,VA RACK                ,,,,,,,,,,,,,,,,,,,,,,,,,,,,,
2,1,121,4,VA RACK                ,,,,,,,,,,,,,,,,,,,,,,,,,,,,,
2,1,122,0,VA RACK                ,,,,,,,,,,,,,,,,,,,,,,,,,,,,,
2,1,122,1,VA EVAC WAREHOUSE      ,,,,,,,,,,,,,,,,,,,,,,,,,,,,,
2,1,122,2,VA RACK                ,,,,,,,,,,,,,,,,,,,,,,,,,,,,,
2,1,122,3,VA RACK                ,,,,,,,,,,,,,,,,,,,,,,,,,,,,,
2,1,122,4,VA RACK                ,,,,,,,,,,,,,,,,,,,,,,,,,,,,,
2,1,123,0,VA RACK                ,,,,,,,,,,,,,,,,,,,,,,,,,,,,,
2,1,123,1,VA EVAC GOODS IN / STORE,,,,,,,,,,,,,,,,,,,,,,,,,,,,,
2,1,123,2,VA RACK                ,,,,,,,,,,,,,,,,,,,,,,,,,,,,,
2,1,123,3,VA RACK                ,,,,,,,,,,,,,,,,,,,,,,,,,,,,,
2,1,123,4,VA RACK                ,,,,,,,,,,,,,,,,,,,,,,,,,,,,,
2,1,124,0,VA RACK                ,,,,,,,,,,,,,,,,,,,,,,,,,,,,,
2,1,124,1,VA EVAC PRODUCTION OFFIC,,,,,,,,,,,,,,,,,,,,,,,,,,,,,
2,1,124,2,VA RACK                ,,,,,,,,,,,,,,,,,,,,,,,,,,,,,
2,1,124,3,VA RACK                ,,,,,,,,,,,,,,,,,,,,,,,,,,,,,
2,1,124,4,VA RACK                ,,,,,,,,,,,,,,,,,,,,,,,,,,,,,
2,1,125,0,NOT USED               ,,,,,,,,,,,,,,,,,,,,,,,,,,,,,
2,1,125,1,NOT USED               ,,,,,,,,,,,,,,,,,,,,,,,,,,,,,
2,1,125,2,NOT USED               ,,,,,,,,,,,,,,,,,,,,,,,,,,,,,
2,1,125,3,NOT USED               ,,,,,,,,,,,,,,,,,,,,,,,,,,,,,
2,1,125,4,NOT USED               ,,,,,,,,,,,,,,,,,,,,,,,,,,,,,
2,1,126,0,VA RACK                ,,,,,,,,,,,,,,,,,,,,,,,,,,,,,
2,1,126,1,NOT USED               ,,,,,,,,,,,,,,,,,,,,,,,,,,,,,
2,1,126,2,VA RACK                ,,,,,,,,,,,,,,,,,,,,,,,,,,,,,
2,1,126,3,VA RACK                ,,,,,,,,,,,,,,,,,,,,,,,,,,,,,
2,1,126,4,VA RACK                ,,,,,,,,,,,,,,,,,,,,,,,,,,,,,
2,2,1,0,SERVER ROOM            ,,,,,,,,,,,,,,,,,,,,,,,,,,,,,
2,2,1,1,SERVER ROOM            ,,,,,,,,,,,,,,,,,,,,,,,,,,,,,
2,2,1,2,SERVER ROOM            ,,,,,,,,,,,,,,,,,,,,,,,,,,,,,
2,2,1,3,                       ,,,,,,,,,,,,,,,,,,,,,,,,,,,,,
2,2,1,4,                       ,,,,,,,,,,,,,,,,,,,,,,,,,,,,,
2,2,2,0,MEETING ROOM           ,,,,,,,,,,,,,,,,,,,,,,,,,,,,,
2,2,2,1,MEETING ROOM           ,,,,,,,,,,,,,,,,,,,,,,,,,,,,,
2,2,2,2,MEETING ROOM           ,,,,,,,,,,,,,,,,,,,,,,,,,,,,,
2,2,2,3,                       ,,,,,,,,,,,,,,,,,,,,,,,,,,,,,
2,2,2,4,                       ,,,,,,,,,,,,,,,,,,,,,,,,,,,,,
2,2,3,0,MEETING ROOM VOID      ,,,,,,,,,,,,,,,,,,,,,,,,,,,,,
2,2,3,1,MEETING ROOM VOID      ,,,,,,,,,,,,,,,,,,,,,,,,,,,,,
2,2,3,2,MEETING ROOM VOID      ,,,,,,,,,,,,,,,,,,,,,,,,,,,,,
2,2,3,3,                       ,,,,,,,,,,,,,,,,,,,,,,,,,,,,,
2,2,3,4,                       ,,,,,,,,,,,,,,,,,,,,,,,,,,,,,
2,2,4,0,STORE                  ,,,,,,,,,,,,,,,,,,,,,,,,,,,,,
2,2,4,1,STORE                  ,,,,,,,,,,,,,,,,,,,,,,,,,,,,,
2,2,4,2,STORE                  ,,,,,,,,,,,,,,,,,,,,,,,,,,,,,
2,2,4,3,                       ,,,,,,,,,,,,,,,,,,,,,,,,,,,,,
2,2,4,4,                       ,,,,,,,,,,,,,,,,,,,,,,,,,,,,,
2,2,5,0,MALE WC                ,,,,,,,,,,,,,,,,,,,,,,,,,,,,,
2,2,5,1,MALE WC                ,,,,,,,,,,,,,,,,,,,,,,,,,,,,,
2,2,5,2,MALE WC                ,,,,,,,,,,,,,,,,,,,,,,,,,,,,,
2,2,5,3,                       ,,,,,,,,,,,,,,,,,,,,,,,,,,,,,
2,2,5,4,                       ,,,,,,,,,,,,,,,,,,,,,,,,,,,,,
2,2,6,0,FEMALE WC              ,,,,,,,,,,,,,,,,,,,,,,,,,,,,,
2,2,6,1,FEMALE WC              ,,,,,,,,,,,,,,,,,,,,,,,,,,,,,
2,2,6,2,FEMALE WC              ,,,,,,,,,,,,,,,,,,,,,,,,,,,,,
2,2,6,3,                       ,,,,,,,,,,,,,,,,,,,,,,,,,,,,,
2,2,6,4,                       ,,,,,,,,,,,,,,,,,,,,,,,,,,,,,
2,2,7,0,SALES DIRECTOR         ,,,,,,,,,,,,,,,,,,,,,,,,,,,,,
2,2,7,1,SALES DIRECTOR         ,,,,,,,,,,,,,,,,,,,,,,,,,,,,,
2,2,7,2,SALES DIRECTOR         ,,,,,,,,,,,,,,,,,,,,,,,,,,,,,
2,2,7,3,                       ,,,,,,,,,,,,,,,,,,,,,,,,,,,,,
2,2,7,4,                       ,,,,,,,,,,,,,,,,,,,,,,,,,,,,,
2,2,8,0,SALES DIRECTOR VOID    ,,,,,,,,,,,,,,,,,,,,,,,,,,,,,
2,2,8,1,SALES DIRECTOR VOID    ,,,,,,,,,,,,,,,,,,,,,,,,,,,,,
2,2,8,2,SALES DIRECTOR VOID    ,,,,,,,,,,,,,,,,,,,,,,,,,,,,,
2,2,8,3,                       ,,,,,,,,,,,,,,,,,,,,,,,,,,,,,
2,2,8,4,                       ,,,,,,,,,,,,,,,,,,,,,,,,,,,,,
2,2,9,0,IT MANAGER VOID        ,,,,,,,,,,,,,,,,,,,,,,,,,,,,,
2,2,9,1,IT MANAGER VOID        ,,,,,,,,,,,,,,,,,,,,,,,,,,,,,
2,2,9,2,IT MANAGER VOID        ,,,,,,,,,,,,,,,,,,,,,,,,,,,,,
2,2,9,3,                       ,,,,,,,,,,,,,,,,,,,,,,,,,,,,,
2,2,9,4,                       ,,,,,,,,,,,,,,,,,,,,,,,,,,,,,
2,2,10,0,IT MANAGER             ,,,,,,,,,,,,,,,,,,,,,,,,,,,,,
2,2,10,0,IT MANAGER             ,,,,,,,,,,,,,,,,,,,,,,,,,,,,,
2,2,10,1,IT MANAGER             ,,,,,,,,,,,,,,,,,,,,,,,,,,,,,
2,2,10,2,IT MANAGER             ,,,,,,,,,,,,,,,,,,,,,,,,,,,,,
2,2,10,3,                       ,,,,,,,,,,,,,,,,,,,,,,,,,,,,,
2,2,10,4,                       ,,,,,,,,,,,,,,,,,,,,,,,,,,,,,
2,2,11,0,MARKETING AND SALES VOID,,,,,,,,,,,,,,,,,,,,,,,,,,,,,
2,2,11,1,MARKETING AND SALES VOID,,,,,,,,,,,,,,,,,,,,,,,,,,,,,
2,2,11,2,MARKETING AND SALES VOID,,,,,,,,,,,,,,,,,,,,,,,,,,,,,
2,2,11,3,                       ,,,,,,,,,,,,,,,,,,,,,,,,,,,,,
2,2,11,4,                       ,,,,,,,,,,,,,,,,,,,,,,,,,,,,,
2,2,12,0,1ST FLOOR BY LIFT      ,,,,,,,,,,,,,,,,,,,,,,,,,,,,,
2,2,12,1,1ST FLOOR BY LIFT      ,,,,,,,,,,,,,,,,,,,,,,,,,,,,,
2,2,12,2,1ST FLOOR BY LIFT      ,,,,,,,,,,,,,,,,,,,,,,,,,,,,,
2,2,12,3,                       ,,,,,,,,,,,,,,,,,,,,,,,,,,,,,
2,2,12,4,                       ,,,,,,,,,,,,,,,,,,,,,,,,,,,,,
2,2,13,0,GROUND FLOOR EXIT      ,,,,,,,,,,,,,,,,,,,,,,,,,,,,,
2,2,13,1,GROUND FLOOR EXIT      ,,,,,,,,,,,,,,,,,,,,,,,,,,,,,
2,2,13,2,                       ,,,,,,,,,,,,,,,,,,,,,,,,,,,,,
2,2,13,3,                       ,,,,,,,,,,,,,,,,,,,,,,,,,,,,,
2,2,13,4,                       ,,,,,,,,,,,,,,,,,,,,,,,,,,,,,
2,2,14,0,MARKETING MANAGER      ,,,,,,,,,,,,,,,,,,,,,,,,,,,,,
2,2,14,1,MARKETING MANAGER      ,,,,,,,,,,,,,,,,,,,,,,,,,,,,,
2,2,14,2,MARKETING MANAGER      ,,,,,,,,,,,,,,,,,,,,,,,,,,,,,
2,2,14,3,                       ,,,,,,,,,,,,,,,,,,,,,,,,,,,,,
2,2,14,4,                       ,,,,,,,,,,,,,,,,,,,,,,,,,,,,,
2,2,15,0,MARKETING AND SALES VOID,,,,,,,,,,,,,,,,,,,,,,,,,,,,,
2,2,15,1,MARKETING AND SALES VOID,,,,,,,,,,,,,,,,,,,,,,,,,,,,,
2,2,15,2,MARKETING AND SALES VOID,,,,,,,,,,,,,,,,,,,,,,,,,,,,,
2,2,15,3,                       ,,,,,,,,,,,,,,,,,,,,,,,,,,,,,
2,2,15,4,                       ,,,,,,,,,,,,,,,,,,,,,,,,,,,,,
2,2,16,0,MARKETING MANAGER VOID ,,,,,,,,,,,,,,,,,,,,,,,,,,,,,
2,2,16,1,MARKETING MANAGER VOID ,,,,,,,,,,,,,,,,,,,,,,,,,,,,,
2,2,16,2,MARKETING MANAGER VOID ,,,,,,,,,,,,,,,,,,,,,,,,,,,,,
2,2,16,3,                       ,,,,,,,,,,,,,,,,,,,,,,,,,,,,,
2,2,16,4,                       ,,,,,,,,,,,,,,,,,,,,,,,,,,,,,
2,2,17,0,MARKETING STORE VOID   ,,,,,,,,,,,,,,,,,,,,,,,,,,,,,
2,2,17,1,MARKETING STORE VOID   ,,,,,,,,,,,,,,,,,,,,,,,,,,,,,
2,2,17,2,MARKETING STORE VOID   ,,,,,,,,,,,,,,,,,,,,,,,,,,,,,
2,2,17,3,                       ,,,,,,,,,,,,,,,,,,,,,,,,,,,,,
2,2,17,4,                       ,,,,,,,,,,,,,,,,,,,,,,,,,,,,,
2,2,18,0,MARKETING STORE        ,,,,,,,,,,,,,,,,,,,,,,,,,,,,,
2,2,18,1,MARKETING STORE        ,,,,,,,,,,,,,,,,,,,,,,,,,,,,,
2,2,18,2,MARKETING STORE        ,,,,,,,,,,,,,,,,,,,,,,,,,,,,,
2,2,18,3,                       ,,,,,,,,,,,,,,,,,,,,,,,,,,,,,
2,2,18,4,                       ,,,,,,,,,,,,,,,,,,,,,,,,,,,,,
2,2,19,0,1ST FLOOR LANDING VOID ,,,,,,,,,,,,,,,,,,,,,,,,,,,,,
2,2,19,1,1ST FLOOR LANDING VOID ,,,,,,,,,,,,,,,,,,,,,,,,,,,,,
2,2,19,2,1ST FLOOR LANDING VOID ,,,,,,,,,,,,,,,,,,,,,,,,,,,,,
2,2,19,3,                       ,,,,,,,,,,,,,,,,,,,,,,,,,,,,,
2,2,19,4,                       ,,,,,,,,,,,,,,,,,,,,,,,,,,,,,
2,2,20,0,1ST FLOOR LANDING      ,,,,,,,,,,,,,,,,,,,,,,,,,,,,,
2,2,20,1,1ST FLOOR LANDING      ,,,,,,,,,,,,,,,,,,,,,,,,,,,,,
2,2,20,2,1ST FLOOR LANDING      ,,,,,,,,,,,,,,,,,,,,,,,,,,,,,
2,2,20,3,                       ,,,,,,,,,,,,,,,,,,,,,,,,,,,,,
2,2,20,4,                       ,,,,,,,,,,,,,,,,,,,,,,,,,,,,,
2,2,21,0,MARKETING AND SALES EXIT,,,,,,,,,,,,,,,,,,,,,,,,,,,,,
2,2,21,1,MARKETING AND SALES EXIT,,,,,,,,,,,,,,,,,,,,,,,,,,,,,
2,2,21,2,                       ,,,,,,,,,,,,,,,,,,,,,,,,,,,,,
2,2,21,3,                       ,,,,,,,,,,,,,,,,,,,,,,,,,,,,,
2,2,21,4,                       ,,,,,,,,,,,,,,,,,,,,,,,,,,,,,
2,2,22,0,MARKETING AND SALES    ,,,,,,,,,,,,,,,,,,,,,,,,,,,,,
2,2,22,1,MARKETING AND SALES    ,,,,,,,,,,,,,,,,,,,,,,,,,,,,,
2,2,22,2,MARKETING AND SALES    ,,,,,,,,,,,,,,,,,,,,,,,,,,,,,
2,2,22,3,                       ,,,,,,,,,,,,,,,,,,,,,,,,,,,,,
2,2,22,4,                       ,,,,,,,,,,,,,,,,,,,,,,,,,,,,,
2,2,23,0,MARKETING AND SALES    ,,,,,,,,,,,,,,,,,,,,,,,,,,,,,
2,2,23,1,MARKETING AND SALES    ,,,,,,,,,,,,,,,,,,,,,,,,,,,,,
2,2,23,2,MARKETING AND SALES    ,,,,,,,,,,,,,,,,,,,,,,,,,,,,,
2,2,23,3,                       ,,,,,,,,,,,,,,,,,,,,,,,,,,,,,
2,2,23,4,                       ,,,,,,,,,,,,,,,,,,,,,,,,,,,,,
2,2,24,0,ACCOUNTS OFFICE        ,,,,,,,,,,,,,,,,,,,,,,,,,,,,,
2,2,24,1,ACCOUNTS OFFICE        ,,,,,,,,,,,,,,,,,,,,,,,,,,,,,
2,2,24,2,ACCOUNTS OFFICE        ,,,,,,,,,,,,,,,,,,,,,,,,,,,,,
2,2,24,3,                       ,,,,,,,,,,,,,,,,,,,,,,,,,,,,,
2,2,24,4,                       ,,,,,,,,,,,,,,,,,,,,,,,,,,,,,
2,2,25,0,ACCOUNTS OFFICE VOID   ,,,,,,,,,,,,,,,,,,,,,,,,,,,,,
2,2,25,1,ACCOUNTS OFFICE VOID   ,,,,,,,,,,,,,,,,,,,,,,,,,,,,,
2,2,25,2,ACCOUNTS OFFICE VOID   ,,,,,,,,,,,,,,,,,,,,,,,,,,,,,
2,2,25,3,                       ,,,,,,,,,,,,,,,,,,,,,,,,,,,,,
2,2,25,4,                       ,,,,,,,,,,,,,,,,,,,,,,,,,,,,,
2,2,26,0,CORRIDOR BY FINANCE    ,,,,,,,,,,,,,,,,,,,,,,,,,,,,,
2,2,26,1,CORRIDOR BY FINANCE    ,,,,,,,,,,,,,,,,,,,,,,,,,,,,,
2,2,26,2,CORRIDOR BY FINANCE    ,,,,,,,,,,,,,,,,,,,,,,,,,,,,,
2,2,26,3,                       ,,,,,,,,,,,,,,,,,,,,,,,,,,,,,
2,2,26,4,                       ,,,,,,,,,,,,,,,,,,,,,,,,,,,,,
2,2,27,0,CORRIDOR BY FINANCE VOID,,,,,,,,,,,,,,,,,,,,,,,,,,,,,
2,2,27,1,CORRIDOR BY FINANCE VOID,,,,,,,,,,,,,,,,,,,,,,,,,,,,,
2,2,27,2,CORRIDOR BY FINANCE VOID,,,,,,,,,,,,,,,,,,,,,,,,,,,,,
2,2,27,3,                       ,,,,,,,,,,,,,,,,,,,,,,,,,,,,,
2,2,27,4,                       ,,,,,,,,,,,,,,,,,,,,,,,,,,,,,
2,2,28,0,FINANCE DIRECTOR OFFICE,,,,,,,,,,,,,,,,,,,,,,,,,,,,,
2,2,28,1,FINANCE DIRECTOR OFFICE,,,,,,,,,,,,,,,,,,,,,,,,,,,,,
2,2,28,2,FINANCE DIRECTOR OFFICE,,,,,,,,,,,,,,,,,,,,,,,,,,,,,
2,2,28,3,                       ,,,,,,,,,,,,,,,,,,,,,,,,,,,,,
2,2,28,4,                       ,,,,,,,,,,,,,,,,,,,,,,,,,,,,,
2,2,29,0,FINANCE DIRECTOR VOID  ,,,,,,,,,,,,,,,,,,,,,,,,,,,,,
2,2,29,1,FINANCE DIRECTOR VOID  ,,,,,,,,,,,,,,,,,,,,,,,,,,,,,
2,2,29,2,FINANCE DIRECTOR VOID  ,,,,,,,,,,,,,,,,,,,,,,,,,,,,,
2,2,29,3,                       ,,,,,,,,,,,,,,,,,,,,,,,,,,,,,
2,2,29,4,                       ,,,,,,,,,,,,,,,,,,,,,,,,,,,,,
2,2,30,0,1ST FLOOR SEATING AREA ,,,,,,,,,,,,,,,,,,,,,,,,,,,,,
2,2,30,1,1ST FLOOR SEATING AREA ,,,,,,,,,,,,,,,,,,,,,,,,,,,,,
2,2,30,2,1ST FLOOR SEATING AREA ,,,,,,,,,,,,,,,,,,,,,,,,,,,,,
2,2,30,3,                       ,,,,,,,,,,,,,,,,,,,,,,,,,,,,,
2,2,30,4,                       ,,,,,,,,,,,,,,,,,,,,,,,,,,,,,
2,2,31,0,1ST FLOOR LANDING      ,,,,,,,,,,,,,,,,,,,,,,,,,,,,,
2,2,31,1,1ST FLOOR LANDING      ,,,,,,,,,,,,,,,,,,,,,,,,,,,,,
2,2,31,2,                       ,,,,,,,,,,,,,,,,,,,,,,,,,,,,,
2,2,31,3,                       ,,,,,,,,,,,,,,,,,,,,,,,,,,,,,
2,2,31,4,                       ,,,,,,,,,,,,,,,,,,,,,,,,,,,,,
2,2,32,0,HIGH LEVEL BY STAIR    ,,,,,,,,,,,,,,,,,,,,,,,,,,,,,
2,2,32,1,HIGH LEVEL BY STAIR    ,,,,,,,,,,,,,,,,,,,,,,,,,,,,,
2,2,32,2,HIGH LEVEL BY STAIR    ,,,,,,,,,,,,,,,,,,,,,,,,,,,,,
2,2,32,3,                       ,,,,,,,,,,,,,,,,,,,,,,,,,,,,,
2,2,32,4,                       ,,,,,,,,,,,,,,,,,,,,,,,,,,,,,
2,2,33,0,ENTRANCE LOBBY / HIGH  ,,,,,,,,,,,,,,,,,,,,,,,,,,,,,
2,2,33,1,ENTRANCE LOBBY / HIGH  ,,,,,,,,,,,,,,,,,,,,,,,,,,,,,
2,2,33,2,ENTRANCE LOBBY / HIGH  ,,,,,,,,,,,,,,,,,,,,,,,,,,,,,
2,2,33,3,                       ,,,,,,,,,,,,,,,,,,,,,,,,,,,,,
2,2,33,4,                       ,,,,,,,,,,,,,,,,,,,,,,,,,,,,,
2,2,34,0,FEMALE WC              ,,,,,,,,,,,,,,,,,,,,,,,,,,,,,
2,2,34,1,FEMALE WC              ,,,,,,,,,,,,,,,,,,,,,,,,,,,,,
2,2,34,2,FEMALE WC              ,,,,,,,,,,,,,,,,,,,,,,,,,,,,,
2,2,34,3,                       ,,,,,,,,,,,,,,,,,,,,,,,,,,,,,
2,2,34,4,                       ,,,,,,,,,,,,,,,,,,,,,,,,,,,,,
2,2,35,0,FEMALE WC VOID         ,,,,,,,,,,,,,,,,,,,,,,,,,,,,,
2,2,35,1,FEMALE WC VOID         ,,,,,,,,,,,,,,,,,,,,,,,,,,,,,
2,2,35,2,FEMALE WC VOID         ,,,,,,,,,,,,,,,,,,,,,,,,,,,,,
2,2,35,3,                       ,,,,,,,,,,,,,,,,,,,,,,,,,,,,,
2,2,35,4,                       ,,,,,,,,,,,,,,,,,,,,,,,,,,,,,
2,2,36,0,LIFT SHAFT             ,,,,,,,,,,,,,,,,,,,,,,,,,,,,,
2,2,36,1,LIFT SHAFT             ,,,,,,,,,,,,,,,,,,,,,,,,,,,,,
2,2,36,2,LIFT SHAFT             ,,,,,,,,,,,,,,,,,,,,,,,,,,,,,
2,2,36,3,                       ,,,,,,,,,,,,,,,,,,,,,,,,,,,,,
2,2,36,4,                       ,,,,,,,,,,,,,,,,,,,,,,,,,,,,,
2,2,37,0,WC'S LOBBY BY LIFT     ,,,,,,,,,,,,,,,,,,,,,,,,,,,,,
2,2,37,1,LIFT                   ,,,,,,,,,,,,,,,,,,,,,,,,,,,,,
2,2,37,2,WC'S LOBBY BY LIFT     ,,,,,,,,,,,,,,,,,,,,,,,,,,,,,
2,2,37,3,WC'S LOBBY BY LIFT     ,,,,,,,,,,,,,,,,,,,,,,,,,,,,,
2,2,37,4,WC'S LOBBY BY LIFT     ,,,,,,,,,,,,,,,,,,,,,,,,,,,,,
2,2,38,0,MALE WC                ,,,,,,,,,,,,,,,,,,,,,,,,,,,,,
2,2,38,1,MALE WC                ,,,,,,,,,,,,,,,,,,,,,,,,,,,,,
2,2,38,2,MALE WC                ,,,,,,,,,,,,,,,,,,,,,,,,,,,,,
2,2,38,3,                       ,,,,,,,,,,,,,,,,,,,,,,,,,,,,,
2,2,38,4,                       ,,,,,,,,,,,,,,,,,,,,,,,,,,,,,
2,2,39,0,MALE WC VOID           ,,,,,,,,,,,,,,,,,,,,,,,,,,,,,
2,2,39,1,MALE WC VOID           ,,,,,,,,,,,,,,,,,,,,,,,,,,,,,
2,2,39,2,MALE WC VOID           ,,,,,,,,,,,,,,,,,,,,,,,,,,,,,
2,2,39,3,                       ,,,,,,,,,,,,,,,,,,,,,,,,,,,,,
2,2,39,4,                       ,,,,,,,,,,,,,,,,,,,,,,,,,,,,,
2,2,40,0,1ST FLOOR LANDING      ,,,,,,,,,,,,,,,,,,,,,,,,,,,,,
2,2,40,1,1ST FLOOR LANDING      ,,,,,,,,,,,,,,,,,,,,,,,,,,,,,
2,2,40,2,1ST FLOOR LANDING      ,,,,,,,,,,,,,,,,,,,,,,,,,,,,,
2,2,40,3,                       ,,,,,,,,,,,,,,,,,,,,,,,,,,,,,
2,2,40,4,                       ,,,,,,,,,,,,,,,,,,,,,,,,,,,,,
2,2,41,0,1ST FLOOR LANDING VOID ,,,,,,,,,,,,,,,,,,,,,,,,,,,,,
2,2,41,1,1ST FLOOR LANDING VOID ,,,,,,,,,,,,,,,,,,,,,,,,,,,,,
2,2,41,2,1ST FLOOR LANDING VOID ,,,,,,,,,,,,,,,,,,,,,,,,,,,,,
2,2,41,3,                       ,,,,,,,,,,,,,,,,,,,,,,,,,,,,,
2,2,41,4,                       ,,,,,,,,,,,,,,,,,,,,,,,,,,,,,
2,2,42,0,EXIT BY STAFF LOUNGE   ,,,,,,,,,,,,,,,,,,,,,,,,,,,,,
2,2,42,1,EXIT BY STAFF LOUNGE   ,,,,,,,,,,,,,,,,,,,,,,,,,,,,,
2,2,42,2,                       ,,,,,,,,,,,,,,,,,,,,,,,,,,,,,
2,2,42,3,                       ,,,,,,,,,,,,,,,,,,,,,,,,,,,,,
2,2,42,4,                       ,,,,,,,,,,,,,,,,,,,,,,,,,,,,,
2,2,43,0,LOBBY BY STAFF LOUNGE  ,,,,,,,,,,,,,,,,,,,,,,,,,,,,,
2,2,43,1,LOBBY BY STAFF LOUNGE  ,,,,,,,,,,,,,,,,,,,,,,,,,,,,,
2,2,43,2,LOBBY BY STAFF LOUNGE  ,,,,,,,,,,,,,,,,,,,,,,,,,,,,,
2,2,43,3,                       ,,,,,,,,,,,,,,,,,,,,,,,,,,,,,
2,2,43,4,                       ,,,,,,,,,,,,,,,,,,,,,,,,,,,,,
2,2,44,0,LOBBY BY STAFF LOUNGE VO,,,,,,,,,,,,,,,,,,,,,,,,,,,,,
2,2,44,1,LOBBY BY STAFF LOUNGE VO,,,,,,,,,,,,,,,,,,,,,,,,,,,,,
2,2,44,2,LOBBY BY STAFF LOUNGE VO,,,,,,,,,,,,,,,,,,,,,,,,,,,,,
2,2,44,3,                       ,,,,,,,,,,,,,,,,,,,,,,,,,,,,,
2,2,44,4,                       ,,,,,,,,,,,,,,,,,,,,,,,,,,,,,
2,2,45,0,STAFF LOUNGE VOID      ,,,,,,,,,,,,,,,,,,,,,,,,,,,,,
2,2,45,1,STAFF LOUNGE VOID      ,,,,,,,,,,,,,,,,,,,,,,,,,,,,,
2,2,45,2,STAFF LOUNGE VOID      ,,,,,,,,,,,,,,,,,,,,,,,,,,,,,
2,2,45,3,                       ,,,,,,,,,,,,,,,,,,,,,,,,,,,,,
2,2,45,4,                       ,,,,,,,,,,,,,,,,,,,,,,,,,,,,,
2,2,46,0,STAFF LOUNGE           ,,,,,,,,,,,,,,,,,,,,,,,,,,,,,
2,2,46,1,STAFF LOUNGE           ,,,,,,,,,,,,,,,,,,,,,,,,,,,,,
2,2,46,2,STAFF LOUNGE           ,,,,,,,,,,,,,,,,,,,,,,,,,,,,,
2,2,46,3,                       ,,,,,,,,,,,,,,,,,,,,,,,,,,,,,
2,2,46,4,                       ,,,,,,,,,,,,,,,,,,,,,,,,,,,,,
2,2,47,0,STAFF KITCHEN VOID     ,,,,,,,,,,,,,,,,,,,,,,,,,,,,,
2,2,47,1,STAFF KITCHEN VOID     ,,,,,,,,,,,,,,,,,,,,,,,,,,,,,
2,2,47,2,STAFF KITCHEN VOID     ,,,,,,,,,,,,,,,,,,,,,,,,,,,,,
2,2,47,3,                       ,,,,,,,,,,,,,,,,,,,,,,,,,,,,,
2,2,47,4,                       ,,,,,,,,,,,,,,,,,,,,,,,,,,,,,
2,2,48,0,STAFF KITCHEN          ,,,,,,,,,,,,,,,,,,,,,,,,,,,,,
2,2,48,1,STAFF KITCHEN          ,,,,,,,,,,,,,,,,,,,,,,,,,,,,,
2,2,48,2,STAFF KITCHEN          ,,,,,,,,,,,,,,,,,,,,,,,,,,,,,
2,2,48,3,                       ,,,,,,,,,,,,,,,,,,,,,,,,,,,,,
2,2,48,4,                       ,,,,,,,,,,,,,,,,,,,,,,,,,,,,,
2,2,49,0,1ST FLOOR SEATING VOID ,,,,,,,,,,,,,,,,,,,,,,,,,,,,,
2,2,49,1,1ST FLOOR SEATING VOID ,,,,,,,,,,,,,,,,,,,,,,,,,,,,,
2,2,49,2,1ST FLOOR SEATING VOID ,,,,,,,,,,,,,,,,,,,,,,,,,,,,,
2,2,49,3,                       ,,,,,,,,,,,,,,,,,,,,,,,,,,,,,
2,2,49,4,                       ,,,,,,,,,,,,,,,,,,,,,,,,,,,,,
2,2,50,0,STAFF KITCHEN EXIT     ,,,,,,,,,,,,,,,,,,,,,,,,,,,,,
2,2,50,1,STAFF KITCHEN EXIT     ,,,,,,,,,,,,,,,,,,,,,,,,,,,,,
2,2,50,2,                       ,,,,,,,,,,,,,,,,,,,,,,,,,,,,,
2,2,50,3,                       ,,,,,,,,,,,,,,,,,,,,,,,,,,,,,
2,2,50,4,                       ,,,,,,,,,,,,,,,,,,,,,,,,,,,,,
2,2,51,0,CORR BY FINANCE DIRECTOR,,,,,,,,,,,,,,,,,,,,,,,,,,,,,
2,2,51,1,LOCAL DOOR             ,,,,,,,,,,,,,,,,,,,,,,,,,,,,,
2,2,51,2,CORR BY FINANCE DIRECTOR,,,,,,,,,,,,,,,,,,,,,,,,,,,,,
2,2,51,3,CORR BY FINANCE DIRECTOR,,,,,,,,,,,,,,,,,,,,,,,,,,,,,
2,2,51,4,CORR BY FINANCE DIRECTOR,,,,,,,,,,,,,,,,,,,,,,,,,,,,,
2,2,52,0,SERVER ROOM EXIT       ,,,,,,,,,,,,,,,,,,,,,,,,,,,,,
2,2,52,1,SERVER ROOM EXIT       ,,,,,,,,,,,,,,,,,,,,,,,,,,,,,
2,2,52,2,                       ,,,,,,,,,,,,,,,,,,,,,,,,,,,,,
2,2,52,3,                       ,,,,,,,,,,,,,,,,,,,,,,,,,,,,,
2,2,52,4,                       ,,,,,,,,,,,,,,,,,,,,,,,,,,,,,
2,2,53,0,MAIN STORES            ,,,,,,,,,,,,,,,,,,,,,,,,,,,,,
2,2,53,1,REDCARE                ,,,,,,,,,,,,,,,,,,,,,,,,,,,,,
2,2,53,2,MAIN STORES            ,,,,,,,,,,,,,,,,,,,,,,,,,,,,,
2,2,53,3,MAIN STORES            ,,,,,,,,,,,,,,,,,,,,,,,,,,,,,
2,2,53,4,MAIN STORES            ,,,,,,,,,,,,,,,,,,,,,,,,,,,,,
2,2,54,0,SERVER ROOM            ,,,,,,,,,,,,,,,,,,,,,,,,,,,,,
2,2,54,1,SERVER RM DOOR         ,,,,,,,,,,,,,,,,,,,,,,,,,,,,,
2,2,54,2,SERVER ROOM            ,,,,,,,,,,,,,,,,,,,,,,,,,,,,,
2,2,54,3,SERVER ROOM            ,,,,,,,,,,,,,,,,,,,,,,,,,,,,,
2,2,54,4,SERVER ROOM            ,,,,,,,,,,,,,,,,,,,,,,,,,,,,,
2,2,55,0,MALE WC                ,,,,,,,,,,,,,,,,,,,,,,,,,,,,,
2,2,55,1,MALE WC                ,,,,,,,,,,,,,,,,,,,,,,,,,,,,,
2,2,55,2,MALE WC                ,,,,,,,,,,,,,,,,,,,,,,,,,,,,,
2,2,55,3,                       ,,,,,,,,,,,,,,,,,,,,,,,,,,,,,
2,2,55,4,                       ,,,,,,,,,,,,,,,,,,,,,,,,,,,,,
2,2,56,0,FEMALE WC              ,,,,,,,,,,,,,,,,,,,,,,,,,,,,,
2,2,56,1,FEMALE WC              ,,,,,,,,,,,,,,,,,,,,,,,,,,,,,
2,2,56,2,FEMALE WC              ,,,,,,,,,,,,,,,,,,,,,,,,,,,,,
2,2,56,3,                       ,,,,,,,,,,,,,,,,,,,,,,,,,,,,,
2,2,56,4,                       ,,,,,,,,,,,,,,,,,,,,,,,,,,,,,
2,2,57,0,FEMALE WC              ,,,,,,,,,,,,,,,,,,,,,,,,,,,,,
2,2,57,1,Loop 2-   Device    57/1,,,,,,,,,,,,,,,,,,,,,,,,,,,,,
2,2,57,2,FEMALE WC              ,,,,,,,,,,,,,,,,,,,,,,,,,,,,,
2,2,57,3,                       ,,,,,,,,,,,,,,,,,,,,,,,,,,,,,
2,2,57,4,                       ,,,,,,,,,,,,,,,,,,,,,,,,,,,,,
2,2,58,0,MALE WC                ,,,,,,,,,,,,,,,,,,,,,,,,,,,,,
2,2,58,1,Loop 2-   Device    58/1,,,,,,,,,,,,,,,,,,,,,,,,,,,,,
2,2,58,2,MALE WC                ,,,,,,,,,,,,,,,,,,,,,,,,,,,,,
2,2,58,3,                       ,,,,,,,,,,,,,,,,,,,,,,,,,,,,,
2,2,58,4,                       ,,,,,,,,,,,,,,,,,,,,,,,,,,,,,
2,2,59,0,SERVER ROOM            ,,,,,,,,,,,,,,,,,,,,,,,,,,,,,
2,2,59,1,SERVER ROOM            ,,,,,,,,,,,,,,,,,,,,,,,,,,,,,
2,2,59,2,SERVER ROOM            ,,,,,,,,,,,,,,,,,,,,,,,,,,,,,
2,2,59,3,                       ,,,,,,,,,,,,,,,,,,,,,,,,,,,,,
2,2,59,4,                       ,,,,,,,,,,,,,,,,,,,,,,,,,,,,,
2,2,60,0,SERVER ROOM            ,,,,,,,,,,,,,,,,,,,,,,,,,,,,,
2,2,60,1,GF DOOR HOLDERS        ,,,,,,,,,,,,,,,,,,,,,,,,,,,,,
2,2,60,2,SERVER ROOM            ,,,,,,,,,,,,,,,,,,,,,,,,,,,,,
2,2,60,3,SERVER ROOM            ,,,,,,,,,,,,,,,,,,,,,,,,,,,,,
2,2,60,4,SERVER ROOM            ,,,,,,,,,,,,,,,,,,,,,,,,,,,,,
2,3,1,0,Loop 3 - Device   1    ,,,,,,,,,,,,,,,,,,,,,,,,,,,,,
2,3,1,1,                       ,,,,,,,,,,,,,,,,,,,,,,,,,,,,,
2,3,1,2,                       ,,,,,,,,,,,,,,,,,,,,,,,,,,,,,
2,3,1,3,                       ,,,,,,,,,,,,,,,,,,,,,,,,,,,,,
2,3,1,4,                       ,,,,,,,,,,,,,,,,,,,,,,,,,,,,,
2,3,2,0,Loop 3 - Device   2    ,,,,,,,,,,,,,,,,,,,,,,,,,,,,,
2,3,2,1,                       ,,,,,,,,,,,,,,,,,,,,,,,,,,,,,
2,3,2,2,                       ,,,,,,,,,,,,,,,,,,,,,,,,,,,,,
2,3,2,3,                       ,,,,,,,,,,,,,,,,,,,,,,,,,,,,,
2,3,2,4,                       ,,,,,,,,,,,,,,,,,,,,,,,,,,,,,
2,3,3,0,Loop 3 - Device   3    ,,,,,,,,,,,,,,,,,,,,,,,,,,,,,
2,3,3,1,                       ,,,,,,,,,,,,,,,,,,,,,,,,,,,,,
2,3,3,2,                       ,,,,,,,,,,,,,,,,,,,,,,,,,,,,,
2,3,3,3,                       ,,,,,,,,,,,,,,,,,,,,,,,,,,,,,
2,3,3,4,                       ,,,,,,,,,,,,,,,,,,,,,,,,,,,,,
2,3,4,0,Loop 3 - Device   4    ,,,,,,,,,,,,,,,,,,,,,,,,,,,,,
2,3,4,1,                       ,,,,,,,,,,,,,,,,,,,,,,,,,,,,,
2,3,4,2,                       ,,,,,,,,,,,,,,,,,,,,,,,,,,,,,
2,3,4,3,                       ,,,,,,,,,,,,,,,,,,,,,,,,,,,,,
2,3,4,4,                       ,,,,,,,,,,,,,,,,,,,,,,,,,,,,,
2,3,5,0,Loop 3 - Device   5    ,,,,,,,,,,,,,,,,,,,,,,,,,,,,,
2,3,5,1,                       ,,,,,,,,,,,,,,,,,,,,,,,,,,,,,
2,3,5,2,                       ,,,,,,,,,,,,,,,,,,,,,,,,,,,,,
2,3,5,3,                       ,,,,,,,,,,,,,,,,,,,,,,,,,,,,,
2,3,5,4,                       ,,,,,,,,,,,,,,,,,,,,,,,,,,,,,
2,3,6,0,Loop 3 - Device   6    ,,,,,,,,,,,,,,,,,,,,,,,,,,,,,
2,3,6,1,                       ,,,,,,,,,,,,,,,,,,,,,,,,,,,,,
2,3,6,2,                       ,,,,,,,,,,,,,,,,,,,,,,,,,,,,,
2,3,6,3,                       ,,,,,,,,,,,,,,,,,,,,,,,,,,,,,
2,3,6,4,                       ,,,,,,,,,,,,,,,,,,,,,,,,,,,,,
2,3,7,0,ROW 2C                 ,,,,,,,,,,,,,,,,,,,,,,,,,,,,,
2,3,7,1,ROW 2C                 ,,,,,,,,,,,,,,,,,,,,,,,,,,,,,
2,3,7,2,ROW 2C                 ,,,,,,,,,,,,,,,,,,,,,,,,,,,,,
2,3,7,3,                       ,,,,,,,,,,,,,,,,,,,,,,,,,,,,,
2,3,7,4,                       ,,,,,,,,,,,,,,,,,,,,,,,,,,,,,
2,3,8,0,ROW 2D                 ,,,,,,,,,,,,,,,,,,,,,,,,,,,,,
2,3,8,1,ROW 2D                 ,,,,,,,,,,,,,,,,,,,,,,,,,,,,,
2,3,8,2,ROW 2D                 ,,,,,,,,,,,,,,,,,,,,,,,,,,,,,
2,3,8,3,                       ,,,,,,,,,,,,,,,,,,,,,,,,,,,,,
2,3,8,4,                       ,,,,,,,,,,,,,,,,,,,,,,,,,,,,,
2,3,9,0,ROW 2E                 ,,,,,,,,,,,,,,,,,,,,,,,,,,,,,
2,3,9,1,ROW 2E                 ,,,,,,,,,,,,,,,,,,,,,,,,,,,,,
2,3,9,2,ROW 2E                 ,,,,,,,,,,,,,,,,,,,,,,,,,,,,,
2,3,9,3,                       ,,,,,,,,,,,,,,,,,,,,,,,,,,,,,
2,3,9,4,                       ,,,,,,,,,,,,,,,,,,,,,,,,,,,,,
2,3,11,0,ROW 2                  ,,,,,,,,,,,,,,,,,,,,,,,,,,,,,
2,3,11,1,ROW 2                  ,,,,,,,,,,,,,,,,,,,,,,,,,,,,,
2,3,11,2,ROW 2                  ,,,,,,,,,,,,,,,,,,,,,,,,,,,,,
2,3,11,3,                       ,,,,,,,,,,,,,,,,,,,,,,,,,,,,,
2,3,11,4,                       ,,,,,,,,,,,,,,,,,,,,,,,,,,,,,
2,3,12,0,ROW 1G                 ,,,,,,,,,,,,,,,,,,,,,,,,,,,,,
2,3,12,1,ROW 1G                 ,,,,,,,,,,,,,,,,,,,,,,,,,,,,,
2,3,12,2,ROW 1G                 ,,,,,,,,,,,,,,,,,,,,,,,,,,,,,
2,3,12,3,                       ,,,,,,,,,,,,,,,,,,,,,,,,,,,,,
2,3,12,4,                       ,,,,,,,,,,,,,,,,,,,,,,,,,,,,,
2,3,19,0,SMALL DELIVERIES EXIT  ,,,,,,,,,,,,,,,,,,,,,,,,,,,,,
2,3,19,1,SMALL DELIVERIES EXIT  ,,,,,,,,,,,,,,,,,,,,,,,,,,,,,
2,3,19,2,                       ,,,,,,,,,,,,,,,,,,,,,,,,,,,,,
2,3,19,3,                       ,,,,,,,,,,,,,,,,,,,,,,,,,,,,,
2,3,19,4,                       ,,,,,,,,,,,,,,,,,,,,,,,,,,,,,
2,3,20,0,ROW 2A                 ,,,,,,,,,,,,,,,,,,,,,,,,,,,,,
2,3,20,1,ROW 2A                 ,,,,,,,,,,,,,,,,,,,,,,,,,,,,,
2,3,20,2,ROW 2A                 ,,,,,,,,,,,,,,,,,,,,,,,,,,,,,
2,3,20,3,                       ,,,,,,,,,,,,,,,,,,,,,,,,,,,,,
2,3,20,4,                       ,,,,,,,,,,,,,,,,,,,,,,,,,,,,,
2,3,21,0,ROW 2B                 ,,,,,,,,,,,,,,,,,,,,,,,,,,,,,
2,3,21,1,ROW 2B                 ,,,,,,,,,,,,,,,,,,,,,,,,,,,,,
2,3,21,2,ROW 2B                 ,,,,,,,,,,,,,,,,,,,,,,,,,,,,,
2,3,21,3,                       ,,,,,,,,,,,,,,,,,,,,,,,,,,,,,
2,3,21,4,                       ,,,,,,,,,,,,,,,,,,,,,,,,,,,,,
2,3,22,0,ROW 2C                 ,,,,,,,,,,,,,,,,,,,,,,,,,,,,,
2,3,22,1,ROW 2C                 ,,,,,,,,,,,,,,,,,,,,,,,,,,,,,
2,3,22,2,ROW 2C                 ,,,,,,,,,,,,,,,,,,,,,,,,,,,,,
2,3,22,3,                       ,,,,,,,,,,,,,,,,,,,,,,,,,,,,,
2,3,22,4,                       ,,,,,,,,,,,,,,,,,,,,,,,,,,,,,
2,3,23,0,LOBBY TO GOODS IN      ,,,,,,,,,,,,,,,,,,,,,,,,,,,,,
2,3,23,1,LOBBY TO GOODS IN      ,,,,,,,,,,,,,,,,,,,,,,,,,,,,,
2,3,23,2,LOBBY TO GOODS IN      ,,,,,,,,,,,,,,,,,,,,,,,,,,,,,
2,3,23,3,                       ,,,,,,,,,,,,,,,,,,,,,,,,,,,,,
2,3,23,4,                       ,,,,,,,,,,,,,,,,,,,,,,,,,,,,,
2,3,24,0,ROW 1A                 ,,,,,,,,,,,,,,,,,,,,,,,,,,,,,
2,3,24,1,ROW 1A                 ,,,,,,,,,,,,,,,,,,,,,,,,,,,,,
2,3,24,2,ROW 1A                 ,,,,,,,,,,,,,,,,,,,,,,,,,,,,,
2,3,24,3,                       ,,,,,,,,,,,,,,,,,,,,,,,,,,,,,
2,3,24,4,                       ,,,,,,,,,,,,,,,,,,,,,,,,,,,,,
2,3,25,0,ROW 1B                 ,,,,,,,,,,,,,,,,,,,,,,,,,,,,,
2,3,25,1,ROW 1B                 ,,,,,,,,,,,,,,,,,,,,,,,,,,,,,
2,3,25,2,ROW 1B                 ,,,,,,,,,,,,,,,,,,,,,,,,,,,,,
2,3,25,3,                       ,,,,,,,,,,,,,,,,,,,,,,,,,,,,,
2,3,25,4,                       ,,,,,,,,,,,,,,,,,,,,,,,,,,,,,
2,3,26,0,ROW 1C                 ,,,,,,,,,,,,,,,,,,,,,,,,,,,,,
2,3,26,1,ROW 1C                 ,,,,,,,,,,,,,,,,,,,,,,,,,,,,,
2,3,26,2,ROW 1C                 ,,,,,,,,,,,,,,,,,,,,,,,,,,,,,
2,3,26,3,                       ,,,,,,,,,,,,,,,,,,,,,,,,,,,,,
2,3,26,4,                       ,,,,,,,,,,,,,,,,,,,,,,,,,,,,,
2,3,27,0,FRONT SIDE EXIT        ,,,,,,,,,,,,,,,,,,,,,,,,,,,,,
2,3,27,1,FRONT SIDE EXIT        ,,,,,,,,,,,,,,,,,,,,,,,,,,,,,
2,3,27,2,                       ,,,,,,,,,,,,,,,,,,,,,,,,,,,,,
2,3,27,3,                       ,,,,,,,,,,,,,,,,,,,,,,,,,,,,,
2,3,27,4,                       ,,,,,,,,,,,,,,,,,,,,,,,,,,,,,
2,3,28,0,REAR SIDE EXIT         ,,,,,,,,,,,,,,,,,,,,,,,,,,,,,
2,3,28,1,REAR SIDE EXIT         ,,,,,,,,,,,,,,,,,,,,,,,,,,,,,
2,3,28,2,                       ,,,,,,,,,,,,,,,,,,,,,,,,,,,,,
2,3,28,3,                       ,,,,,,,,,,,,,,,,,,,,,,,,,,,,,
2,3,28,4,                       ,,,,,,,,,,,,,,,,,,,,,,,,,,,,,
2,3,29,0,ROW 3C                 ,,,,,,,,,,,,,,,,,,,,,,,,,,,,,
2,3,29,1,ROW 3C                 ,,,,,,,,,,,,,,,,,,,,,,,,,,,,,
2,3,29,2,ROW 3C                 ,,,,,,,,,,,,,,,,,,,,,,,,,,,,,
2,3,29,3,                       ,,,,,,,,,,,,,,,,,,,,,,,,,,,,,
2,3,29,4,                       ,,,,,,,,,,,,,,,,,,,,,,,,,,,,,
2,3,30,0,ROW 3B                 ,,,,,,,,,,,,,,,,,,,,,,,,,,,,,
2,3,30,1,ROW 3B                 ,,,,,,,,,,,,,,,,,,,,,,,,,,,,,
2,3,30,2,ROW 3B                 ,,,,,,,,,,,,,,,,,,,,,,,,,,,,,
2,3,30,3,                       ,,,,,,,,,,,,,,,,,,,,,,,,,,,,,
2,3,30,4,                       ,,,,,,,,,,,,,,,,,,,,,,,,,,,,,
2,3,31,0,ROW 3A                 ,,,,,,,,,,,,,,,,,,,,,,,,,,,,,
2,3,31,1,ROW 3A                 ,,,,,,,,,,,,,,,,,,,,,,,,,,,,,
2,3,31,2,ROW 3A                 ,,,,,,,,,,,,,,,,,,,,,,,,,,,,,
2,3,31,3,                       ,,,,,,,,,,,,,,,,,,,,,,,,,,,,,
2,3,31,4,                       ,,,,,,,,,,,,,,,,,,,,,,,,,,,,,
2,3,32,0,GOODS IN BY PRODUCTION ,,,,,,,,,,,,,,,,,,,,,,,,,,,,,
2,3,32,1,NOT IN USE             ,,,,,,,,,,,,,,,,,,,,,,,,,,,,,
2,3,32,2,Loop 3-   Device    32/2,,,,,,,,,,,,,,,,,,,,,,,,,,,,,
2,3,32,3,Loop 3-   Device    32/3,,,,,,,,,,,,,,,,,,,,,,,,,,,,,
2,3,32,4,GOODS IN BY PRODUCTION ,,,,,,,,,,,,,,,,,,,,,,,,,,,,,
2,3,33,0,ROW 2D                 ,,,,,,,,,,,,,,,,,,,,,,,,,,,,,
2,3,33,1,ROW 2D                 ,,,,,,,,,,,,,,,,,,,,,,,,,,,,,
2,3,33,2,ROW 2D                 ,,,,,,,,,,,,,,,,,,,,,,,,,,,,,
2,3,33,3,                       ,,,,,,,,,,,,,,,,,,,,,,,,,,,,,
2,3,33,4,                       ,,,,,,,,,,,,,,,,,,,,,,,,,,,,,
2,3,34,0,ROW 2C                 ,,,,,,,,,,,,,,,,,,,,,,,,,,,,,
2,3,34,1,ROW 2C                 ,,,,,,,,,,,,,,,,,,,,,,,,,,,,,
2,3,34,2,ROW 2C                 ,,,,,,,,,,,,,,,,,,,,,,,,,,,,,
2,3,34,3,                       ,,,,,,,,,,,,,,,,,,,,,,,,,,,,,
2,3,34,4,                       ,,,,,,,,,,,,,,,,,,,,,,,,,,,,,
2,3,35,0,ROW 2B                 ,,,,,,,,,,,,,,,,,,,,,,,,,,,,,
2,3,35,1,ROW 2B                 ,,,,,,,,,,,,,,,,,,,,,,,,,,,,,
2,3,35,2,ROW 2B                 ,,,,,,,,,,,,,,,,,,,,,,,,,,,,,
2,3,35,3,                       ,,,,,,,,,,,,,,,,,,,,,,,,,,,,,
2,3,35,4,                       ,,,,,,,,,,,,,,,,,,,,,,,,,,,,,
2,3,36,0,ROW 2A                 ,,,,,,,,,,,,,,,,,,,,,,,,,,,,,
2,3,36,1,ROW 2A                 ,,,,,,,,,,,,,,,,,,,,,,,,,,,,,
2,3,36,2,ROW 2A                 ,,,,,,,,,,,,,,,,,,,,,,,,,,,,,
2,3,36,3,                       ,,,,,,,,,,,,,,,,,,,,,,,,,,,,,
2,3,36,4,                       ,,,,,,,,,,,,,,,,,,,,,,,,,,,,,
2,3,37,0,EXIT BY ROLLER SHUTTER ,,,,,,,,,,,,,,,,,,,,,,,,,,,,,
2,3,37,1,EXIT BY ROLLER SHUTTER ,,,,,,,,,,,,,,,,,,,,,,,,,,,,,
2,3,37,2,                       ,,,,,,,,,,,,,,,,,,,,,,,,,,,,,
2,3,37,3,                       ,,,,,,,,,,,,,,,,,,,,,,,,,,,,,
2,3,37,4,                       ,,,,,,,,,,,,,,,,,,,,,,,,,,,,,
2,3,38,0,ENTRANCE BY ROLLER SHUTT,,,,,,,,,,,,,,,,,,,,,,,,,,,,,
2,3,38,1,ENTRANCE BY ROLLER SHUTT,,,,,,,,,,,,,,,,,,,,,,,,,,,,,
2,3,38,2,ENTRANCE BY ROLLER SHUTT,,,,,,,,,,,,,,,,,,,,,,,,,,,,,
2,3,38,3,                       ,,,,,,,,,,,,,,,,,,,,,,,,,,,,,
2,3,38,4,                       ,,,,,,,,,,,,,,,,,,,,,,,,,,,,,
2,3,39,0,ROW 1A                 ,,,,,,,,,,,,,,,,,,,,,,,,,,,,,
2,3,39,1,ROW 1A                 ,,,,,,,,,,,,,,,,,,,,,,,,,,,,,
2,3,39,2,ROW 1A                 ,,,,,,,,,,,,,,,,,,,,,,,,,,,,,
2,3,39,3,                       ,,,,,,,,,,,,,,,,,,,,,,,,,,,,,
2,3,39,4,                       ,,,,,,,,,,,,,,,,,,,,,,,,,,,,,
2,3,40,0,ROW 1B                 ,,,,,,,,,,,,,,,,,,,,,,,,,,,,,
2,3,40,1,ROW 1B                 ,,,,,,,,,,,,,,,,,,,,,,,,,,,,,
2,3,40,2,ROW 1B                 ,,,,,,,,,,,,,,,,,,,,,,,,,,,,,
2,3,40,3,                       ,,,,,,,,,,,,,,,,,,,,,,,,,,,,,
2,3,40,4,                       ,,,,,,,,,,,,,,,,,,,,,,,,,,,,,
2,3,41,0,ROW 1C                 ,,,,,,,,,,,,,,,,,,,,,,,,,,,,,
2,3,41,1,ROW 1C                 ,,,,,,,,,,,,,,,,,,,,,,,,,,,,,
2,3,41,2,ROW 1C                 ,,,,,,,,,,,,,,,,,,,,,,,,,,,,,
2,3,41,3,                       ,,,,,,,,,,,,,,,,,,,,,,,,,,,,,
2,3,41,4,                       ,,,,,,,,,,,,,,,,,,,,,,,,,,,,,
2,3,42,0,ROW 1D                 ,,,,,,,,,,,,,,,,,,,,,,,,,,,,,
2,3,42,1,ROW 1D                 ,,,,,,,,,,,,,,,,,,,,,,,,,,,,,
2,3,42,2,ROW 1D                 ,,,,,,,,,,,,,,,,,,,,,,,,,,,,,
2,3,42,3,                       ,,,,,,,,,,,,,,,,,,,,,,,,,,,,,
2,3,42,4,                       ,,,,,,,,,,,,,,,,,,,,,,,,,,,,,
2,END,1,0,,,,,,,,,,,,,,,,,,,,,,,,,,,,,,
150,BEGIN,1,,,,,,,,,,,,,,,,,,,,,,,,,,,,,,,
150,1,0,VOICE ALARM C+E,C & E Block,,,,,,,,,,,,,,,,,,,,,,,,,,,,,
150,2,1,IG AREA 1,Input Group,2,2,,,,,,,,,,,,,,,,,,,,,,,,,,,
150,3,2,Activated,Input Group State,2,,,,,,,,,,,,,,,,,,,,,,,,,,,,
150,4,3,ON,Action,1,,,,,,,,,,,,,,,,,,,,,,,,,,,,
150,5,4,VA ALERT AREA 2,Output Object,4,13,,,,,,,,,,,,,,,,,,,,,,,,,,,
150,6,3,ON,Action,1,,,,,,,,,,,,,,,,,,,,,,,,,,,,
150,7,4,BEACONS AREA 1,Output Object,4,2,,,,,,,,,,,,,,,,,,,,,,,,,,,
150,8,4,VA EVAC AREA 1,Output Object,4,7,,,,,,,,,,,,,,,,,,,,,,,,,,,
150,9,3,5 mins->ON,Action,3,,,,,,,,,,,,,,,,,,,,,,,,,,,,
150,10,4,ALL EVAC MSGS,Output Object,5,3,,,,,,,,,,,,,,,,,,,,,,,,,,,
150,11,4,ALL BEACONS,Output Object,5,5,,,,,,,,,,,,,,,,,,,,,,,,,,,
150,12,1,IG AREA 2,Input Group,2,3,,,,,,,,,,,,,,,,,,,,,,,,,,,
150,13,2,Activated,Input Group State,2,,,,,,,,,,,,,,,,,,,,,,,,,,,,
150,14,3,ON,Action,1,,,,,,,,,,,,,,,,,,,,,,,,,,,,
150,15,4,BEACONS AREA 2,Output Object,4,3,,,,,,,,,,,,,,,,,,,,,,,,,,,
150,16,4,VA EVAC AREA 2,Output Object,4,8,,,,,,,,,,,,,,,,,,,,,,,,,,,
150,17,3,ON,Action,1,,,,,,,,,,,,,,,,,,,,,,,,,,,,
150,18,4,VA ALERT AREA 1,Output Object,4,12,,,,,,,,,,,,,,,,,,,,,,,,,,,
150,19,4,VA ALERT AREA 3,Output Object,4,14,,,,,,,,,,,,,,,,,,,,,,,,,,,
150,20,4,VA ALERT AREA 4,Output Object,4,15,,,,,,,,,,,,,,,,,,,,,,,,,,,
150,21,3,5 mins->ON,Action,3,,,,,,,,,,,,,,,,,,,,,,,,,,,,
150,22,4,ALL EVAC MSGS,Output Object,5,3,,,,,,,,,,,,,,,,,,,,,,,,,,,
150,23,4,ALL BEACONS,Output Object,5,5,,,,,,,,,,,,,,,,,,,,,,,,,,,
150,24,1,IG AREA 3,Input Group,2,4,,,,,,,,,,,,,,,,,,,,,,,,,,,
150,25,2,Activated,Input Group State,2,,,,,,,,,,,,,,,,,,,,,,,,,,,,
150,26,3,ON,Action,1,,,,,,,,,,,,,,,,,,,,,,,,,,,,
150,27,4,BEACONS AREA 3,Output Object,4,4,,,,,,,,,,,,,,,,,,,,,,,,,,,
150,28,4,VA EVAC AREA 3,Output Object,4,9,,,,,,,,,,,,,,,,,,,,,,,,,,,
150,29,3,ON,Action,1,,,,,,,,,,,,,,,,,,,,,,,,,,,,
150,30,4,VA ALERT AREA 2,Output Object,4,13,,,,,,,,,,,,,,,,,,,,,,,,,,,
150,31,4,VA ALERT AREA 4,Output Object,4,15,,,,,,,,,,,,,,,,,,,,,,,,,,,
150,32,4,VA ALERT AREA 5,Output Object,4,16,,,,,,,,,,,,,,,,,,,,,,,,,,,
150,33,3,5 mins->ON,Action,3,,,,,,,,,,,,,,,,,,,,,,,,,,,,
150,34,4,ALL EVAC MSGS,Output Object,5,3,,,,,,,,,,,,,,,,,,,,,,,,,,,
150,35,4,ALL BEACONS,Output Object,5,5,,,,,,,,,,,,,,,,,,,,,,,,,,,
150,36,1,IG AREA 4,Input Group,2,5,,,,,,,,,,,,,,,,,,,,,,,,,,,
150,37,2,Activated,Input Group State,2,,,,,,,,,,,,,,,,,,,,,,,,,,,,
150,38,3,ON,Action,1,,,,,,,,,,,,,,,,,,,,,,,,,,,,
150,39,4,BEACONS AREA 4,Output Object,4,5,,,,,,,,,,,,,,,,,,,,,,,,,,,
150,40,4,VA EVAC AREA 4,Output Object,4,10,,,,,,,,,,,,,,,,,,,,,,,,,,,
150,41,3,ON,Action,1,,,,,,,,,,,,,,,,,,,,,,,,,,,,
150,42,4,VA ALERT AREA 2,Output Object,4,13,,,,,,,,,,,,,,,,,,,,,,,,,,,
150,43,4,VA ALERT AREA 3,Output Object,4,14,,,,,,,,,,,,,,,,,,,,,,,,,,,
150,44,4,VA ALERT AREA 5,Output Object,4,16,,,,,,,,,,,,,,,,,,,,,,,,,,,
150,45,3,5 mins->ON,Action,3,,,,,,,,,,,,,,,,,,,,,,,,,,,,
150,46,4,ALL EVAC MSGS,Output Object,5,3,,,,,,,,,,,,,,,,,,,,,,,,,,,
150,47,4,ALL BEACONS,Output Object,5,5,,,,,,,,,,,,,,,,,,,,,,,,,,,
150,48,1,IG AREA 5,Input Group,2,6,,,,,,,,,,,,,,,,,,,,,,,,,,,
150,49,2,Activated,Input Group State,2,,,,,,,,,,,,,,,,,,,,,,,,,,,,
150,50,3,ON,Action,1,,,,,,,,,,,,,,,,,,,,,,,,,,,,
150,51,4,BEACONS AREA 5,Output Object,4,6,,,,,,,,,,,,,,,,,,,,,,,,,,,
150,52,4,VA EVAC AREA 5,Output Object,4,11,,,,,,,,,,,,,,,,,,,,,,,,,,,
150,53,3,ON,Action,1,,,,,,,,,,,,,,,,,,,,,,,,,,,,
150,54,4,VA ALERT AREA 3,Output Object,4,14,,,,,,,,,,,,,,,,,,,,,,,,,,,
150,55,4,VA ALERT AREA 4,Output Object,4,15,,,,,,,,,,,,,,,,,,,,,,,,,,,
150,56,3,5 mins->ON,Action,3,,,,,,,,,,,,,,,,,,,,,,,,,,,,
150,57,4,ALL EVAC MSGS,Output Object,5,3,,,,,,,,,,,,,,,,,,,,,,,,,,,
150,58,4,ALL BEACONS,Output Object,5,5,,,,,,,,,,,,,,,,,,,,,,,,,,,
150,59,0,MAN CENTRE,C & E Block,,,,,,,,,,,,,,,,,,,,,,,,,,,,,
150,60,1,ANY INPUT DEVICE,Input Group,3,1,,,,,,,,,,,,,,,,,,,,,,,,,,,
150,61,2,Activated,Input Group State,2,,,,,,,,,,,,,,,,,,,,,,,,,,,,
150,62,3,ON,Action,1,,,,,,,,,,,,,,,,,,,,,,,,,,,,
150,63,4,REDCARE,Output Object,4,17,,,,,,,,,,,,,,,,,,,,,,,,,,,
150,64,0,FRONT GATE,C & E Block,,,,,,,,,,,,,,,,,,,,,,,,,,,,,
150,65,1,ANY INPUT DEVICE,Input Group,3,1,,,,,,,,,,,,,,,,,,,,,,,,,,,
150,66,2,Activated,Input Group State,2,,,,,,,,,,,,,,,,,,,,,,,,,,,,
150,67,3,ON,Action,1,,,,,,,,,,,,,,,,,,,,,,,,,,,,
150,68,4,EXT.FRONT GATE,Output Object,4,18,,,,,,,,,,,,,,,,,,,,,,,,,,,
150,69,0,AIR CONDITIONING,C & E Block,,,,,,,,,,,,,,,,,,,,,,,,,,,,,
150,70,1,ANY INPUT DEVICE,Input Group,3,1,,,,,,,,,,,,,,,,,,,,,,,,,,,
150,71,2,Activated,Input Group State,2,,,,,,,,,,,,,,,,,,,,,,,,,,,,
150,72,3,ON,Action,1,,,,,,,,,,,,,,,,,,,,,,,,,,,,
150,73,4,AIR CON.,Output Object,4,27,,,,,,,,,,,,,,,,,,,,,,,,,,,
150,74,0,AREA1 LIFT,C & E Block,,,,,,,,,,,,,,,,,,,,,,,,,,,,,
150,75,1,IG AREA 1,Input Group,2,2,,,,,,,,,,,,,,,,,,,,,,,,,,,
150,76,2,Activated,Input Group State,2,,,,,,,,,,,,,,,,,,,,,,,,,,,,
150,77,3,ON,Action,1,,,,,,,,,,,,,,,,,,,,,,,,,,,,
150,78,4,LIFT,Output Object,4,20,,,,,,,,,,,,,,,,,,,,,,,,,,,
150,79,0,MEET RM SPEAKS,C & E Block,,,,,,,,,,,,,,,,,,,,,,,,,,,,,
150,80,1,IG AREA 1,Input Group,2,2,,,,,,,,,,,,,,,,,,,,,,,,,,,
150,81,2,Activated,Input Group State,2,,,,,,,,,,,,,,,,,,,,,,,,,,,,
150,82,3,ON,Action,1,,,,,,,,,,,,,,,,,,,,,,,,,,,,
150,83,4,MEET RM SPEAKERS,Output Object,4,21,,,,,,,,,,,,,,,,,,,,,,,,,,,
150,84,0,AREA 1 DOORS,C & E Block,,,,,,,,,,,,,,,,,,,,,,,,,,,,,
150,85,1,IG AREA 1,Input Group,2,2,,,,,,,,,,,,,,,,,,,,,,,,,,,
150,86,2,Activated,Input Group State,2,,,,,,,,,,,,,,,,,,,,,,,,,,,,
150,87,3,ON,Action,1,,,,,,,,,,,,,,,,,,,,,,,,,,,,
150,88,4,AREA 1 PAXTON,Output Object,4,22,,,,,,,,,,,,,,,,,,,,,,,,,,,
150,89,4,AREA 1/2 PAXTON,Output Object,4,1,,,,,,,,,,,,,,,,,,,,,,,,,,,
150,90,4,MAIN OFF.DOORS,Output Object,4,19,,,,,,,,,,,,,,,,,,,,,,,,,,,
150,91,0,AREA 2 DOORS,C & E Block,,,,,,,,,,,,,,,,,,,,,,,,,,,,,
150,92,1,IG AREA 2,Input Group,2,3,,,,,,,,,,,,,,,,,,,,,,,,,,,
150,93,2,Activated,Input Group State,2,,,,,,,,,,,,,,,,,,,,,,,,,,,,
150,94,3,ON,Action,1,,,,,,,,,,,,,,,,,,,,,,,,,,,,
150,95,4,AREA 2 PAXTON,Output Object,4,23,,,,,,,,,,,,,,,,,,,,,,,,,,,
150,96,4,AREA 1/2 PAXTON,Output Object,4,1,,,,,,,,,,,,,,,,,,,,,,,,,,,
150,97,0,AREA 3 DOORS,C & E Block,,,,,,,,,,,,,,,,,,,,,,,,,,,,,
150,98,1,IG AREA 3,Input Group,2,4,,,,,,,,,,,,,,,,,,,,,,,,,,,
150,99,2,Activated,Input Group State,2,,,,,,,,,,,,,,,,,,,,,,,,,,,,
150,100,3,ON,Action,1,,,,,,,,,,,,,,,,,,,,,,,,,,,,
150,101,4,AREA 3 PAXTON,Output Object,4,24,,,,,,,,,,,,,,,,,,,,,,,,,,,
150,102,0,AREA 4 DOORS,C & E Block,,,,,,,,,,,,,,,,,,,,,,,,,,,,,
150,103,1,IG AREA 4,Input Group,2,5,,,,,,,,,,,,,,,,,,,,,,,,,,,
150,104,2,Activated,Input Group State,2,,,,,,,,,,,,,,,,,,,,,,,,,,,,
150,105,3,ON,Action,1,,,,,,,,,,,,,,,,,,,,,,,,,,,,
150,106,4,AREA 4 PAXTON,Output Object,4,25,,,,,,,,,,,,,,,,,,,,,,,,,,,
150,107,0,AREA 5 DOORS,C & E Block,,,,,,,,,,,,,,,,,,,,,,,,,,,,,
150,108,1,IG AREA 5,Input Group,2,6,,,,,,,,,,,,,,,,,,,,,,,,,,,
150,109,2,Activated,Input Group State,2,,,,,,,,,,,,,,,,,,,,,,,,,,,,
150,110,3,ON,Action,1,,,,,,,,,,,,,,,,,,,,,,,,,,,,
150,111,4,AREA 5 PAXTON,Output Object,4,26,,,,,,,,,,,,,,,,,,,,,,,,,,,
150,END,1,0,,,,,,,,,,,,,,,,,,,,,,,,,,,,,,
