200,IAM,2,9A35,0
120,BEGIN,2
120,25,2,
120,2,1,2
120,20,2,0,0,0,0,0,0,0,0,0,0,0,0,0,
120,1,1,2
120,END,2,3635
80,BEGIN,2
80,0,4
80,1,1,1,99
80,2,10,0,5,5,0
80,3,Maintenance is due
80,4,
80,6,0
80,7,9A35,8A13,0-00
80,8,2
80,9,0
80,10,0
80,11,0
80,12,3333,4444
80,14,1
80,15,120
80,16,1,Loop 1 
80,16,2,Loop 2 
80,16,3,       
80,16,4,       
80,16,5,       
80,16,6,       
80,16,7,       
80,16,8,       
80,16,9,System 
80,16,10,A-Bus 1
80,16,11,A-Bus 2
80,END,2,17245
17,BEGIN,2
17,1,All Input Device,0,1,
17,2,Class Change   ,0,1,
17,3,Alert          ,0,1,
17,END,2,5607
18,BEGIN,2
18,1,All Output Devic,0,1,
18,2,Relay 1        ,0,1,
18,3,Relay 2        ,0,1,
18,END,2,5296
19,BEGIN,2
19,END,2,613
81,BEGIN,2
81,END,2,612
90,BEGIN,2
90,END,2,612
100,BEGIN,2
100,1,Zone 1,1
100,END,2,1537
151,BEGIN,2
151,END,2,659
152,BEGIN,2
152,0,OFF            ,0,1,
152,1,ON             ,0,1,
152,2,Simple Pulse   ,0,1,
152,3,Mode Change    ,0,1,
152,4,Enable Input   ,0,1,
152,5,Enable Output  ,0,1,
152,6,Enable Zone    ,0,1,
152,7,Disable Input  ,0,1,
152,8,Disable Output ,0,1,
152,9,Disable Zone   ,0,1,
152,END,2,17420
153,BEGIN,2
153,1,Default        ,0,1,
153,END,2,2173
160,BEGIN,2
160,END,2,659
20,BEGIN,2
20,9,1,258,206,1,64,0,0,6,0,0,0,0,0,0,0,0,0,0,0,0,0,0,0,0,0,0,0,0,0,0,0,0
20,9,2,258,206,1,64,0,0,6,1,0,0,0,0,0,0,0,0,0,0,0,0,0,0,0,0,0,0,0,0,0,0,0
20,9,3,259,206,2,64,0,0,6,0,0,0,0,0,0,0,0,0,0,0,0,0,0,0,0,0,0,0,0,0,0,0,0
20,9,4,259,206,3,64,0,0,6,1,0,0,0,0,0,0,0,0,0,0,0,0,0,0,0,0,0,0,0,0,0,0,0
20,9,5,267,205,18,0,0,0,4,0,0,1,0,0,0,0,0,0,0,0,0,0,0,0,0,0,0,0,0,0,0,32,0
20,9,6,257,206,0,0,0,0,0,0,0,0,0,0,0,0,0,0,0,0,0,0,0,0,0,0,0,0,0,0,0,32,0
20,9,7,262,0,0,0,0,0,6,0,0,0,0,0,0,0,0,0,0,0,0,0,0,0,0,0,0,0,0,0,0,32,0
20,9,8,263,206,0,0,0,0,6,0,0,0,0,0,0,0,0,0,0,0,0,0,0,0,0,0,0,0,0,0,0,32,0
20,9,9,264,205,0,0,0,0,4,0,0,0,0,0,0,0,0,0,0,0,0,0,0,0,0,0,0,0,0,0,0,0,0
20,9,10,265,205,0,0,0,0,0,0,0,0,0,0,0,0,0,0,0,0,0,0,0,0,0,0,0,0,0,0,0,0,0
20,9,11,274,205,0,0,0,0,4,0,0,0,0,0,0,0,0,0,0,0,0,0,0,0,0,0,0,0,0,0,0,32,0
20,9,12,278,206,2,0,0,0,4,0,100,0,0,0,0,0,0,0,0,0,0,0,0,0,0,0,0,0,0,0,0,32,0
20,9,13,278,206,3,0,0,0,4,1,100,0,0,0,0,0,0,0,0,0,0,0,0,0,0,0,0,0,0,0,0,32,0
20,9,14,278,206,0,0,0,0,4,2,100,0,0,0,0,0,0,0,0,0,0,0,0,0,0,0,0,0,0,0,0,32,0
20,9,15,278,206,0,0,0,0,4,3,100,0,0,0,0,0,0,0,0,0,0,0,0,0,0,0,0,0,0,0,0,32,0
20,9,16,279,206,0,0,0,0,0,0,0,0,0,0,0,0,0,0,0,0,0,0,0,0,0,0,0,0,0,0,0,0,0
20,9,18,266,205,0,0,0,0,4,4,3,40,1,0,0,0,0,0,0,0,1,8,2,0,0,0,0,0,0,0,0,0,0
20,9,19,261,205,21,0,0,0,4,0,0,0,0,0,0,0,0,0,0,0,0,2,1,1,1,0,0,0,0,0,0,0,0
20,9,20,261,205,22,0,0,0,4,0,1,0,0,0,0,0,0,0,0,0,0,4,1,3,1,0,0,0,0,0,0,0,0
20,9,21,261,205,20,0,0,0,4,0,2,0,0,0,0,0,0,0,0,0,0,6,1,5,1,0,0,0,0,0,0,0,0
20,9,22,261,205,23,0,0,0,4,0,3,0,0,0,0,0,0,0,0,0,0,8,1,7,1,0,0,0,0,0,0,0,0
20,9,23,261,205,24,0,0,0,4,0,4,0,0,0,0,0,0,0,0,0,0,10,1,9,1,0,0,0,0,0,0,0,0
20,END,2,12902
14,BEGIN,2
14,1,1,0,0,1,0,0,1,0,0,1,0,0,0,0,0,1,0,1,1,0,0,0,0,0,0,0,0,0,0
14,2,1,0,0,1,0,0,1,0,0,1,0,0,0,0,0,1,0,1,1,0,0,0,0,0,0,0,0,0,0
14,3,1,0,0,1,0,0,1,0,0,1,0,0,0,0,0,1,0,1,1,0,0,0,0,0,0,0,0,0,0
14,END,2,9410
15,BEGIN,2
15,1,1,1
15,2,1,1
15,3,0,1
15,END,2,1784
16,BEGIN,2
16,END,2,610
40,BEGIN,2
40,0,255,0,20,0,0,0,0,0,0,0,0,0,0,0,0,0,0,0,0,0,0,0,0,0,0,
40,1,240,0,10,0,0,0,0,0,0,0,0,0,0,0,0,0,0,0,0,0,0,0,0,0,0,
40,2,240,0,40,0,0,0,0,0,0,0,0,0,0,0,0,0,0,0,0,0,0,0,0,0,0,
40,3,240,0,191,0,0,0,0,0,0,0,0,0,0,0,0,0,0,0,0,0,0,0,0,0,0,
40,4,255,0,188,0,0,0,0,0,0,0,0,0,0,0,0,0,0,0,0,0,0,0,0,0,0,
40,5,255,0,184,0,0,0,0,0,0,0,0,0,0,0,0,0,0,0,0,0,0,0,0,0,0,
40,6,240,0,180,0,0,0,0,0,0,0,0,0,0,0,0,0,0,0,0,0,0,0,0,0,0,
40,7,240,0,190,0,0,0,0,0,0,0,0,0,0,0,0,0,0,0,0,0,0,0,0,0,0,
40,8,240,0,186,0,0,0,0,0,0,0,0,0,0,0,0,0,0,0,0,0,0,0,0,0,0,
40,9,240,0,182,0,0,0,0,0,0,0,0,0,0,0,0,0,0,0,0,0,0,0,0,0,0,
40,END,2,28566
60,BEGIN,2
60,1,0, 0, 0, 0, 0, 0, 0, 0, 0, 0, 0, 0, 0, 0, 0, 0, 
60,END,2,2887
161,BEGIN,2
161,END,2,660
154,BEGIN,2
154,END,2,662
2,BEGIN,2
2,9,1,0,Panel Sounder 1        
2,9,1,1,Panel Sounder 1        
2,9,1,2,                       
2,9,1,3,                       
2,9,1,4,                       
2,9,2,0,Panel Sounder 2        
2,9,2,1,Panel Sounder 2        
2,9,2,2,                       
2,9,2,3,                       
2,9,2,4,                       
2,9,3,0,Panel Relay 1          
2,9,3,1,Panel Relay 1          
2,9,3,2,                       
2,9,3,3,                       
2,9,3,4,                       
2,9,4,0,Panel Relay 2          
2,9,4,1,Panel Relay 2          
2,9,4,2,                       
2,9,4,3,                       
2,9,4,4,                       
2,9,5,0,Key Switch             
2,9,5,1,Key Switch             
2,9,5,2,                       
2,9,5,3,                       
2,9,5,4,                       
2,9,6,0,System PSU             
2,9,6,1,System PSU             
2,9,6,2,                       
2,9,6,3,                       
2,9,6,4,                       
2,9,7,0,Fault Buzzer           
2,9,7,1,Fault Buzzer           
2,9,7,2,                       
2,9,7,3,                       
2,9,7,4,                       
2,9,8,0,Fault Relay            
2,9,8,1,Fault Relay            
2,9,8,2,                       
2,9,8,3,                       
2,9,8,4,                       
2,9,9,0,Event Log              
2,9,9,1,Event Log              
2,9,9,2,                       
2,9,9,3,                       
2,9,9,4,                       
2,9,10,0,Panel Device           
2,9,10,1,Panel Device           
2,9,10,2,                       
2,9,10,3,                       
2,9,10,4,                       
2,9,11,0,Touch Pnl              
2,9,11,1,E                      
2,9,11,2,                       
2,9,11,3,                       
2,9,11,4,                       
2,9,12,0,Mon I/P 1              
2,9,12,1,Mon I/P 1              
2,9,12,2,                       
2,9,12,3,                       
2,9,12,4,                       
2,9,13,0,Mon I/P 2              
2,9,13,1,Mon I/P 2              
2,9,13,2,                       
2,9,13,3,                       
2,9,13,4,                       
2,9,14,0,Earth Fault            
2,9,14,1,Earth Fault            
2,9,14,2,                       
2,9,14,3,                       
2,9,14,4,                       
2,9,15,0,24V Fuse               
2,9,15,1,24V Fuse               
2,9,15,2,                       
2,9,15,3,                       
2,9,15,4,                       
2,9,16,0,Network                
2,9,16,1,                       
2,9,16,2,                       
2,9,16,3,                       
2,9,16,4,                       
2,9,18,0,40 LED                 
2,9,18,1,                       
2,9,18,2,                       
2,9,18,3,                       
2,9,18,4,                       
2,9,19,0,Silence                
2,9,19,1,                       
2,9,19,2,                       
2,9,19,3,                       
2,9,19,4,                       
2,9,20,0,Reset                  
2,9,20,1,                       
2,9,20,2,                       
2,9,20,3,                       
2,9,20,4,                       
2,9,21,0,Override               
2,9,21,1,                       
2,9,21,2,                       
2,9,21,3,                       
2,9,21,4,                       
2,9,22,0,Key 4                  
2,9,22,1,                       
2,9,22,2,                       
2,9,22,3,                       
2,9,22,4,                       
2,9,23,0,Key 5                  
2,9,23,1,                       
2,9,23,2,                       
2,9,23,3,                       
2,9,23,4,                       
2,END,2,20539
150,BEGIN,2
150,1,0,"One out All out","C & E Block"
150,2,1,"All Input Devices","Input Group",2,1
150,3,2,"Activated","Input Group State",2
150,4,3,"ON","Action",1
150,5,4,"All Output Devices","Output Object",4,1
150,6,0,"Monitored I/Ps","C & E Block"
150,7,1,"Class Change","Input Group",2,2
150,8,2,"Activated","Input Group State",2
150,9,3,"ON","Action",1
150,10,4,"All Output Devices","Output Object",4,1
150,11,1,"Alert","Input Group",2,3
150,12,2,"Activated","Input Group State",2
150,13,3,"Simple Pulse","Action",2
150,14,4,"All Output Devices","Output Object",4,1
150,15,0,"Relays","C & E Block"
150,16,1,"All Input Devices","Input Group",2,1
150,17,2,"Activated","Input Group State",2
150,18,3,"ON","Action",1
150,19,4,"Relay 1","Output Object",4,2
150,20,4,"Relay 2","Output Object",4,3
150,END,2,57421
300,BEGIN,2
300,1,"\images\logo.gif"
300,2,0,48,71,73,70,56,57,97,76,0,108,0,179,0,0,0,255,0,255,255,255,32,32,64,96,32,64,224,32,64,160,32,64,96,96,64,160,128,128,255,251,240,64,64,64,192,192,192,128,128,
300,2,48,48,128,160,160,164,255,255,255,255,255,255,255,255,255,33,249,4,1,0,0,0,0,44,0,0,0,0,76,0,108,0,0,4,255,16,200,73,65,18,56,235,205,187,255,158,81,141,164,145,
300,2,96,48,13,104,170,174,108,235,190,110,38,146,149,89,16,120,174,239,124,239,255,64,221,64,48,163,9,6,193,164,114,169,28,26,111,204,168,52,90,16,140,4,208,169,118,235,171,82,12,72,
300,2,144,48,174,120,140,27,20,5,228,180,216,10,48,100,213,112,166,25,128,142,219,153,214,250,125,15,20,92,248,99,43,74,24,97,128,83,9,8,1,138,138,10,111,61,67,133,134,75,2,137,
300,2,192,48,139,150,8,65,144,146,75,3,149,150,159,12,64,154,155,64,5,12,159,168,139,142,66,71,164,93,6,169,177,1,145,59,163,174,58,9,178,178,122,60,182,183,157,186,178,6,63,190,
300,2,240,48,155,166,193,186,195,62,197,134,11,200,193,11,196,173,155,185,207,193,7,210,180,119,192,214,11,67,177,216,203,211,123,199,214,8,133,2,169,225,143,227,113,5,7,214,138,202,57,5,
300,2,288,48,234,217,119,213,214,7,171,3,246,226,218,107,60,33,83,0,144,0,44,84,235,122,181,19,51,64,65,188,115,64,14,126,74,88,107,161,150,2,206,226,37,72,34,209,18,69,86,5,
300,2,336,48,255,153,228,123,182,96,85,143,142,139,62,230,96,38,199,161,53,130,76,80,42,218,248,239,34,188,120,33,187,160,82,32,202,98,146,145,200,230,73,121,183,40,90,207,156,189,4,94,
300,2,384,48,51,185,135,101,15,162,230,144,218,113,186,67,166,46,154,183,8,80,197,1,20,26,83,73,84,11,184,124,6,51,43,200,101,15,165,130,245,73,64,169,48,179,53,121,116,85,247,213,
300,2,432,48,44,203,177,178,212,254,242,137,55,149,222,189,0,251,162,250,235,138,165,213,79,88,225,178,3,88,15,25,68,197,10,11,30,70,197,160,110,97,182,6,227,149,132,92,6,179,86,183,
300,2,480,48,178,18,219,245,140,35,227,179,199,163,213,54,140,87,57,181,200,120,1,54,95,38,140,17,182,232,161,41,146,108,93,38,88,22,106,42,159,132,70,222,130,40,222,62,41,130,67,238,
300,2,528,48,14,50,247,45,167,84,70,23,143,169,173,81,201,92,149,157,9,255,40,71,22,169,85,236,90,73,71,225,70,242,235,247,123,113,138,91,187,141,227,124,92,59,205,83,253,110,239,79,
300,2,576,48,58,57,211,200,142,231,112,111,159,15,212,103,110,224,112,211,255,68,232,25,178,90,55,248,121,84,32,88,160,193,6,222,114,233,193,134,208,130,164,80,39,97,0,15,138,71,206,41,
300,2,624,48,18,102,168,93,28,228,1,72,33,92,147,161,194,94,118,156,173,212,224,39,95,65,72,74,137,1,8,87,209,135,128,28,72,89,38,26,102,53,0,135,139,200,56,92,138,93,160,128,
300,2,672,48,69,19,57,2,169,91,145,70,30,149,36,25,46,46,153,77,1,80,70,41,229,148,84,86,105,229,149,88,102,89,229,16,32,116,233,229,151,96,134,73,196,133,100,150,9,155,9,48,
300,2,720,48,154,169,38,153,104,174,233,230,155,49,142,9,231,156,108,202,121,205,6,3,162,98,192,158,124,246,185,167,60,126,242,153,138,2,38,200,224,86,155,201,120,176,75,151,138,124,240,9,
300,2,768,48,2,33,232,105,103,42,25,228,25,0,143,193,96,64,105,58,186,48,128,129,122,138,32,112,232,164,136,105,106,166,169,159,160,42,31,6,152,38,122,152,2,170,146,25,107,163,156,198,
300,2,816,48,130,65,130,174,218,42,128,165,23,206,26,128,175,161,2,27,11,162,168,8,27,143,175,194,154,16,95,42,196,166,90,235,188,169,207,46,130,193,1,212,86,203,225,180,103,146,202,136,
300,2,864,48,177,214,32,219,193,65,24,244,38,140,182,1,192,26,109,42,12,164,171,110,177,231,254,218,46,173,188,230,186,41,50,28,176,59,175,174,184,202,203,238,138,221,182,43,236,2,220,34,
300,2,912,48,70,71,44,23,188,123,172,191,6,187,203,111,170,3,175,42,64,171,18,122,123,85,192,210,210,33,46,192,2,228,219,239,189,139,82,50,16,27,6,99,236,199,2,7,20,186,49,187,
300,2,960,48,29,140,5,169,12,212,154,144,32,27,22,251,86,240,6,39,59,155,242,68,223,90,226,41,5,9,47,162,128,184,116,198,130,128,184,48,79,208,115,208,115,22,205,51,208,72,187,9,
300,2,1008,31,43,13,18,144,219,244,154,23,64,205,115,198,76,79,29,140,2,24,91,109,132,152,96,135,157,129,213,17,0,0,59,
300,3,58144
300,END,2,3180
301,BEGIN,2
301,1,"\Client.txt"
301,2,0,13,"Object Client"
301,2,1,6,"Name ="
301,2,2,12,"Memo Address"
301,2,3,8,"End Memo"
301,2,4,11,"Post Code ="
301,2,5,10,"Tel. No. ="
301,2,6,10,"End Object"
301,3,6099
301,END,2,12967
301,BEGIN,2
301,1,"\Installr.txt"
301,2,0,16,"Object Installer"
301,2,1,6,"Name ="
301,2,2,12,"Memo Address"
301,2,3,8,"End Memo"
301,2,4,11,"Post Code ="
301,2,5,10,"Tel. No. ="
301,2,6,10,"End Object"
301,3,6434
301,END,2,13537
301,BEGIN,2
301,1,"\SNotes.txt"
301,2,0,15,"Memo Site Notes"
301,2,1,8,"End Memo"
301,3,2096
301,END,2,5920
