18,BEGIN,1
18,1,"NONE",0,1
18,2,"PANEL RELAY 1",0,1
18,3,"PANEL RELAY 2",0,1
18,4,"LIFT 1",0,1
18,5,"LIFT 2",0,1
18,6,"DOOR HOLDERS GF",0,1
18,7,"DOOR HOLDERS FF",0,1
18,8,"DOOR HOLDERS SF",0,1
18,9,"DECT HANDSETS",0,1
18,10,"DOOR ACCESS",0,1
18,11,"BMS",0,1
18,12,"OFF SITE MONITOR",0,1
18,13,"AOV Z22a",0,1
18,14,"AOV Z22b",0,1
18,15,"AOV Z24",0,1
18,16,"AOV Z28",0,1
18,17,"AOV Z27",0,1
18,18,"AOV Z30a",0,1
18,19,"AOV Z30b",0,1
18,20,"AOV Z2",0,1
18,21,"AOV Z11",0,1
18,22,"AOV Z34",0,1
18,23,"AOV Z19",0,1
18,24,"AOV Z36",0,1
18,25,"GF FLAT 1 SNDR",0,1
18,26,"GF FLAT 1 WARDEN",0,1
18,27,"GF FLAT 2 SNDR",0,1
18,28,"GF FLAT 2 WARDEN",0,1
18,29,"GF FLAT 6 SNDR",0,1
18,30,"GF FLAT 6 WARDEN",0,1
18,31,"GF FLAT 7 SNDR",0,1
18,32,"GF FLAT 7 WARDEN",0,1
18,33,"GF FLAT 9 SNDR",0,1
18,34,"GF FLAT 9 WARDEN",0,1
18,35,"GF FLAT 10 SNDR",0,1
18,36,"GF FLAT10 WARDEN",0,1
18,37,"GF FLAT11 SNDR",0,1
18,38,"GF FLAT11 WARDEN",0,1
18,39,"GF FLAT 12 SNDR",0,1
18,40,"GF FLAT12 WARDEN",0,1
18,41,"GF FLAT 18 SNDR",0,1
18,42,"GF FLAT18 WARDEN",0,1
18,43,"GF FLAT 19 SNDR",0,1
18,44,"GF FLAT19 WARDEN",0,1
18,45,"GF FLAT 20 SNDR",0,1
18,46,"GF FLAT20 WARDEN",0,1
18,47,"GF FLAT 21 SNDR",0,1
18,48,"GF FLAT21 WARDEN",0,1
18,49,"GF FLAT 24 SNDR",0,1
18,50,"GF FLAT24 WARDEN",0,1
18,51,"GF FLAT 25 SNDR",0,1
18,52,"GF FLAT25 WARDEN",0,1
18,53,"GF FLAT 26 SNDR",0,1
18,54,"GF FLAT26 WARDEN",0,1
18,55,"GF FLAT 65 SNDR",0,1
18,56,"GF FLAT65 WARDEN",0,1
18,57,"GF FLAT66 SNDR",0,1
18,58,"GF FLAT66 WARDEN",0,1
18,59,"GF FLAT 68 SNDR",0,1
18,60,"GF FLAT68 WARDEN",0,1
18,61,"GF FLAT69 SNDR",0,1
18,62,"GF FLAT69 WARDEN",0,1
18,63,"GF FLAT 70 SNDR",0,1
18,64,"GF FLAT70 WARDEN",0,1
18,65,"FF FLAT 1SNDR",0,1
18,66,"FF FLAT 1 WARDEN",0,1
18,67,"FF FLAT 2 SNDR",0,1
18,68,"FF FLAT 2 WARDEN",0,1
18,69,"FF FLAT 5 SNDR",0,1
18,70,"FF FLAT 5 WARDEN",0,1
18,71,"FF FLAT6 SNDR",0,1
18,72,"FF FLAT 6 WARDEN",0,1
18,73,"FF FLAT 8 SNDR",0,1
18,74,"FF FLAT 8 WARDEN",0,1
18,75,"FF FLAT 9 SNDR",0,1
18,76,"FF FLAT 9 WARDEN",0,1
18,77,"FF FLAT 10 SNDR",0,1
18,78,"FF FLAT10 WARDEN",0,1
18,79,"FF FLAT 11 SNDR",0,1
18,80,"FF FLAT11 WARDEN",0,1
18,81,"FF FLAT 17 SNDR",0,1
18,82,"FF FLAT17WARDEN",0,1
18,83,"FF FLAT18 SNDR",0,1
18,84,"FF FLAT 18WARDEN",0,1
18,85,"FF FLAT 20 SNDR",0,1
18,86,"FF FLAT20 WARDEN",0,1
18,87,"FF FLAT 21 SNDR",0,1
18,88,"FF FLAT21 WARDEN",0,1
18,89,"FF FLAT22 SNDR",0,1
18,90,"FF FLAT22 WARDEN",0,1
18,91,"FF FLAT 23 SNDR",0,1
18,92,"FF FLAT23 WARDEN",0,1
18,93,"FF FLAT 24 SNDR",0,1
18,94,"FF FLAT24 WARDEN",0,1
18,95,"FF FLAT 25 SNDR",0,1
18,96,"FF FLAT25 WARDEN",0,1
18,97,"FF FLAT 27 SNDR",0,1
18,98,"FF FLAT27 WARDEN",0,1
18,99,"FF FLAT 28 SNDR",0,1
18,100,"FF FLAT28 WARDEN",0,1
18,101,"FF FLAT 35 SNDR",0,1
18,102,"FF FLAT35 WARDEN",0,1
18,103,"FF FLAT 36 SNDR",0,1
18,104,"FF FLAT36 WARDEN",0,1
18,105,"FF FLAT 37 SNDR",0,1
18,106,"FF FLAT37 WARDEN",0,1
18,107,"FF FLAT 39 SNDR",0,1
18,108,"FF FLAT39 WARDEN",0,1
18,109,"FF FLAT 40 SNDR",0,1
18,110,"FF FLAT40 WARDEN",0,1
18,111,"FF FLAT 44 SNDR",0,1
18,112,"FF FLAT44 WARDEN",0,1
18,113,"FF FLAT45 SNDR",0,1
18,114,"FF FLAT45 WARDEN",0,1
18,115,"FF FLAT 46 SNDR",0,1
18,116,"FF FLAT46 WARDEN",0,1
18,117,"FF FLAT 47 SNDR",0,1
18,118,"FF FLAT47 WARDEN",0,1
18,119,"FF FLAT 49 SNDR",0,1
18,120,"FF FLAT49 WARDEN",0,1
18,121,"FF FLAT 50 SNDR",0,1
18,122,"FF FLAT50 WARDEN",0,1
18,123,"FF FLAT 51 SNDR",0,1
18,124,"FF FLAT51 WARDEN",0,1
18,125,"SF FLAT 1 SNDR",0,1
18,126,"SF FLAT 1 WARDEN",0,1
18,127,"SF FLAT 2 SNDR",0,1
18,128,"SF FLAT 2 WARDEN",0,1
18,129,"SF FLAT 5 SNDR",0,1
18,130,"SF FLAT 5 WARDEN",0,1
18,131,"SF FLAT 6 SNDR",0,1
18,132,"SF FLAT 6 WARDEN",0,1
18,133,"SF FLAT 8 SNDR",0,1
18,134,"SF FLAT 8 WARDEN",0,1
18,135,"SF FLAT 9 SNDR",0,1
18,136,"SF FLAT 9 WARDEN",0,1
18,137,"SF FLAT 10 SNDR",0,1
18,138,"SF FLAT10 WARDEN",0,1
18,139,"SF FLAT 11 SNDR",0,1
18,140,"SF FLAT11 WARDEN",0,1
18,141,"SF FLAT 17 SNDR",0,1
18,142,"SF FLAT17 WARDEN",0,1
18,143,"SF FLAT18 SNDR",0,1
18,144,"SF FLAT18 WARDEN",0,1
18,145,"SF FLAT19 SNDR",0,1
18,146,"SF FLAT19 WARDEN",0,1
18,147,"SF FLAT 27 SNDR",0,1
18,148,"SF FLAT27 WARDEN",0,1
18,149,"SF FLAT29 SNDR",0,1
18,150,"SF FLAT29 WARDEN",0,1
18,151,"SF FLAT 30 SNDR",0,1
18,152,"SF FLAT30 WARDEN",0,1
18,153,"SF FLAT47 SNDR",0,1
18,154,"SF FLAT47 WARDEN",0,1
18,155,"SF FLAT46 SNDR",0,1
18,156,"SF FLAT46 WARDEN",0,1
18,157,"SF FLAT33 SNDR",0,1
18,158,"SF FLAT33 WARDEN",0,1
18,159,"SF FLAT34 SNDR",0,1
18,160,"SF FLAT34 WARDEN",0,1
18,161,"SF FLAT41 SNDR",0,1
18,162,"SF FLAT41 WARDEN",0,1
18,163,"SF FLAT42 SNDR",0,1
18,164,"SF FLAT42 WARDEN",0,1
18,165,"Z1 SNDR",0,1
18,166,"Z2 SNDR",0,1
18,167,"Z3 SNDR",0,1
18,168,"Z4 SNDR",0,1
18,169,"Z5 SNDR",0,1
18,170,"Z6 SNDR",0,1
18,171,"Z7 SNDR",0,1
18,172,"Z8 SNDR",0,1
18,173,"Z9 SNDR",0,1
18,174,"Z10 SNDR",0,1
18,175,"Z11 SNDR",0,1
18,176,"Z12 SNDR",0,1
18,177,"Z13 SNDR",0,1
18,178,"Z14 SNDR",0,1
18,179,"Z15 SNDR",0,1
18,180,"Z16 SNDR",0,1
18,181,"Z17 SNDR",0,1
18,182,"Z18 SNDR",0,1
18,183,"Z19 SNDR",0,1
18,184,"Z20 SNDR",0,1
18,185,"Z21 SNDR",0,1
18,186,"Z22 SNDR",0,1
18,187,"Z23 SNDR",0,1
18,188,"Z24 SNDR",0,1
18,189,"Z25 SNDR",0,1
18,190,"Z26 SNDR",0,1
18,191,"Z27 SNDR",0,1
18,192,"Z28 SNDR",0,1
18,193,"Z29 SNDR",0,1
18,194,"Z30 SNDR",0,1
18,195,"Z31 SNDR",0,1
18,196,"Z32 SNDR",0,1
18,197,"Z33 SNDR",0,1
18,198,"Z34 SNDR",0,1
18,199,"Z35 SNDR",0,1
18,200,"Z36 SNDR",0,1
18,201,"GF FLAT 67 SNDR",0,1
18,202,"GF FLAT67 WARDEN",0,1
18,203,"Z37 SNDR",0,1
18,204,"CAR PARK GATE",0,1
18,END,1
